frame,x0,y0,z0,x1,y1,z1,x2,y2,z2,x3,y3,z3,x4,y4,z4,x5,y5,z5,x6,y6,z6,x7,y7,z7,x8,y8,z8,x9,y9,z9,x10,y10,z10,x11,y11,z11,x12,y12,z12,x13,y13,z13,x14,y14,z14,x15,y15,z15,x16,y16,z16,x17,y17,z17,x18,y18,z18,x19,y19,z19,x20,y20,z20,x21,y21,z21,x22,y22,z22,x23,y23,z23,x24,y24,z24,x25,y25,z25,x26,y26,z26,x27,y27,z27,x28,y28,z28,x29,y29,z29,x30,y30,z30,x31,y31,z31,x32,y32,z32,x33,y33,z33,x34,y34,z34,x35,y35,z35,x36,y36,z36,x37,y37,z37,x38,y38,z38,x39,y39,z39,x40,y40,z40,x41,y41,z41,label
0,0.0,0.0,0.0,0.0,0.0,0.0,0.0,0.0,0.0,0.0,0.0,0.0,0.0,0.0,0.0,0.0,0.0,0.0,0.0,0.0,0.0,0.0,0.0,0.0,0.0,0.0,0.0,0.0,0.0,0.0,0.0,0.0,0.0,0.0,0.0,0.0,0.0,0.0,0.0,0.0,0.0,0.0,0.0,0.0,0.0,0.0,0.0,0.0,0.0,0.0,0.0,0.0,0.0,0.0,0.0,0.0,0.0,0.0,0.0,0.0,0.0,0.0,0.0,0.0,0.0,0.0,0.0,0.0,0.0,0.0,0.0,0.0,0.0,0.0,0.0,0.0,0.0,0.0,0.0,0.0,0.0,0.0,0.0,0.0,0.0,0.0,0.0,0.0,0.0,0.0,0.0,0.0,0.0,0.0,0.0,0.0,0.0,0.0,0.0,0.0,0.0,0.0,0.0,0.0,0.0,0.0,0.0,0.0,0.0,0.0,0.0,0.0,0.0,0.0,0.0,0.0,0.0,0.0,0.0,0.0,0.0,0.0,0.0,0.0,0.0,0.0,book
1,0.0,0.0,0.0,0.0,0.0,0.0,0.0,0.0,0.0,0.0,0.0,0.0,0.0,0.0,0.0,0.0,0.0,0.0,0.0,0.0,0.0,0.0,0.0,0.0,0.0,0.0,0.0,0.0,0.0,0.0,0.0,0.0,0.0,0.0,0.0,0.0,0.0,0.0,0.0,0.0,0.0,0.0,0.0,0.0,0.0,0.0,0.0,0.0,0.0,0.0,0.0,0.0,0.0,0.0,0.0,0.0,0.0,0.0,0.0,0.0,0.0,0.0,0.0,0.0,0.0,0.0,0.0,0.0,0.0,0.0,0.0,0.0,0.0,0.0,0.0,0.0,0.0,0.0,0.0,0.0,0.0,0.0,0.0,0.0,0.0,0.0,0.0,0.0,0.0,0.0,0.0,0.0,0.0,0.0,0.0,0.0,0.0,0.0,0.0,0.0,0.0,0.0,0.0,0.0,0.0,0.0,0.0,0.0,0.0,0.0,0.0,0.0,0.0,0.0,0.0,0.0,0.0,0.0,0.0,0.0,0.0,0.0,0.0,0.0,0.0,0.0,book
2,0.0,0.0,0.0,0.0,0.0,0.0,0.0,0.0,0.0,0.0,0.0,0.0,0.0,0.0,0.0,0.0,0.0,0.0,0.0,0.0,0.0,0.0,0.0,0.0,0.0,0.0,0.0,0.0,0.0,0.0,0.0,0.0,0.0,0.0,0.0,0.0,0.0,0.0,0.0,0.0,0.0,0.0,0.0,0.0,0.0,0.0,0.0,0.0,0.0,0.0,0.0,0.0,0.0,0.0,0.0,0.0,0.0,0.0,0.0,0.0,0.0,0.0,0.0,0.0,0.0,0.0,0.0,0.0,0.0,0.0,0.0,0.0,0.0,0.0,0.0,0.0,0.0,0.0,0.0,0.0,0.0,0.0,0.0,0.0,0.0,0.0,0.0,0.0,0.0,0.0,0.0,0.0,0.0,0.0,0.0,0.0,0.0,0.0,0.0,0.0,0.0,0.0,0.0,0.0,0.0,0.0,0.0,0.0,0.0,0.0,0.0,0.0,0.0,0.0,0.0,0.0,0.0,0.0,0.0,0.0,0.0,0.0,0.0,0.0,0.0,0.0,book
3,0.0,0.0,0.0,0.0,0.0,0.0,0.0,0.0,0.0,0.0,0.0,0.0,0.0,0.0,0.0,0.0,0.0,0.0,0.0,0.0,0.0,0.0,0.0,0.0,0.0,0.0,0.0,0.0,0.0,0.0,0.0,0.0,0.0,0.0,0.0,0.0,0.0,0.0,0.0,0.0,0.0,0.0,0.0,0.0,0.0,0.0,0.0,0.0,0.0,0.0,0.0,0.0,0.0,0.0,0.0,0.0,0.0,0.0,0.0,0.0,0.0,0.0,0.0,0.0,0.0,0.0,0.0,0.0,0.0,0.0,0.0,0.0,0.0,0.0,0.0,0.0,0.0,0.0,0.0,0.0,0.0,0.0,0.0,0.0,0.0,0.0,0.0,0.0,0.0,0.0,0.0,0.0,0.0,0.0,0.0,0.0,0.0,0.0,0.0,0.0,0.0,0.0,0.0,0.0,0.0,0.0,0.0,0.0,0.0,0.0,0.0,0.0,0.0,0.0,0.0,0.0,0.0,0.0,0.0,0.0,0.0,0.0,0.0,0.0,0.0,0.0,book
4,0.0,0.0,0.0,0.0,0.0,0.0,0.0,0.0,0.0,0.0,0.0,0.0,0.0,0.0,0.0,0.0,0.0,0.0,0.0,0.0,0.0,0.0,0.0,0.0,0.0,0.0,0.0,0.0,0.0,0.0,0.0,0.0,0.0,0.0,0.0,0.0,0.0,0.0,0.0,0.0,0.0,0.0,0.0,0.0,0.0,0.0,0.0,0.0,0.0,0.0,0.0,0.0,0.0,0.0,0.0,0.0,0.0,0.0,0.0,0.0,0.0,0.0,0.0,0.0,0.0,0.0,0.0,0.0,0.0,0.0,0.0,0.0,0.0,0.0,0.0,0.0,0.0,0.0,0.0,0.0,0.0,0.0,0.0,0.0,0.0,0.0,0.0,0.0,0.0,0.0,0.0,0.0,0.0,0.0,0.0,0.0,0.0,0.0,0.0,0.0,0.0,0.0,0.0,0.0,0.0,0.0,0.0,0.0,0.0,0.0,0.0,0.0,0.0,0.0,0.0,0.0,0.0,0.0,0.0,0.0,0.0,0.0,0.0,0.0,0.0,0.0,book
5,0.5895658731460571,0.948798418045044,1.726572662619219e-07,0.5672945976257324,0.9326987862586975,-0.017233140766620636,0.5470439195632935,0.9465442299842834,-0.022792892530560493,0.5363050103187561,0.9652602672576904,-0.025246914476156235,0.5295782089233398,0.985047459602356,-0.026931781321763992,0.5583710670471191,0.9932138919830322,-0.017112115398049355,0.545423150062561,1.0199265480041504,-0.02480052039027214,0.5324797034263611,1.0374650955200195,-0.03009033016860485,0.5223900079727173,1.0487834215164185,-0.033140912652015686,0.5660239458084106,1.0053592920303345,-0.010537290014326572,0.5521718859672546,1.0312923192977905,-0.01725023239850998,0.5394280552864075,1.0483617782592773,-0.022073786705732346,0.5280975103378296,1.0621085166931152,-0.02518705651164055,0.5717521905899048,1.013088345527649,-0.004967690445482731,0.5598613619804382,1.0377717018127441,-0.010842626914381981,0.5487129092216492,1.0542564392089844,-0.01301584206521511,0.5383061766624451,1.0681818723678589,-0.01384027861058712,0.5776945352554321,1.018153429031372,-0.0008550743805244565,0.5672995448112488,1.0419106483459473,-0.0059338822029531,0.557768702507019,1.0587526559829712,-0.007396607659757137,0.5486431121826172,1.0711870193481445,-0.007680280599743128,0.0,0.0,0.0,0.0,0.0,0.0,0.0,0.0,0.0,0.0,0.0,0.0,0.0,0.0,0.0,0.0,0.0,0.0,0.0,0.0,0.0,0.0,0.0,0.0,0.0,0.0,0.0,0.0,0.0,0.0,0.0,0.0,0.0,0.0,0.0,0.0,0.0,0.0,0.0,0.0,0.0,0.0,0.0,0.0,0.0,0.0,0.0,0.0,0.0,0.0,0.0,0.0,0.0,0.0,0.0,0.0,0.0,0.0,0.0,0.0,0.0,0.0,0.0,book
6,0.3940301537513733,0.9085958003997803,1.486510115000783e-07,0.42338666319847107,0.8900141716003418,-0.023288795724511147,0.4482898414134979,0.9091941118240356,-0.03157169371843338,0.4649863541126251,0.9413568377494812,-0.03473586216568947,0.47633424401283264,0.9669584035873413,-0.03657595068216324,0.4237782657146454,0.9628182649612427,-0.02454104833304882,0.4406847655773163,1.0037914514541626,-0.031774554401636124,0.4513033628463745,1.0291638374328613,-0.03629499673843384,0.4577648639678955,1.0479848384857178,-0.03866039589047432,0.41381677985191345,0.9791889786720276,-0.01461136993020773,0.4286044239997864,1.0176596641540527,-0.019122781231999397,0.4397512674331665,1.0417890548706055,-0.021909642964601517,0.44589659571647644,1.0609805583953857,-0.02435472421348095,0.408559113740921,0.9883772134780884,-0.0062631662003695965,0.4217592477798462,1.0227187871932983,-0.011231459677219391,0.43061313033103943,1.043135166168213,-0.013612288050353527,0.4363366961479187,1.0619711875915527,-0.014933989383280277,0.4080423414707184,0.9916180372238159,0.00038719538133591413,0.4168366491794586,1.021209716796875,-0.0040102871134877205,0.42298901081085205,1.0413600206375122,-0.006027476396411657,0.4275386929512024,1.0587953329086304,-0.007080978248268366,0.0,0.0,0.0,0.0,0.0,0.0,0.0,0.0,0.0,0.0,0.0,0.0,0.0,0.0,0.0,0.0,0.0,0.0,0.0,0.0,0.0,0.0,0.0,0.0,0.0,0.0,0.0,0.0,0.0,0.0,0.0,0.0,0.0,0.0,0.0,0.0,0.0,0.0,0.0,0.0,0.0,0.0,0.0,0.0,0.0,0.0,0.0,0.0,0.0,0.0,0.0,0.0,0.0,0.0,0.0,0.0,0.0,0.0,0.0,0.0,0.0,0.0,0.0,book
7,0.5957940816879272,0.8636428713798523,3.581627368021145e-07,0.5849499702453613,0.8537282347679138,-0.02804737351834774,0.5771026611328125,0.8455438017845154,-0.048915885388851166,0.5707733631134033,0.8275092244148254,-0.06643548607826233,0.5695365071296692,0.8093267679214478,-0.0846400335431099,0.5857584476470947,0.8977604508399963,-0.044870954006910324,0.5815663933753967,0.9330486059188843,-0.06261507421731949,0.5770514607429504,0.9601191878318787,-0.07472807914018631,0.5721222758293152,0.9822191596031189,-0.08280418068170547,0.5942522287368774,0.9105094075202942,-0.03893663361668587,0.5911915302276611,0.9470744729042053,-0.05382002517580986,0.5860729813575745,0.9740028977394104,-0.06229836866259575,0.5808501839637756,0.9976235032081604,-0.06882285326719284,0.5988134741783142,0.9192832112312317,-0.03429415449500084,0.5942414999008179,0.9516037702560425,-0.04475998133420944,0.5895613431930542,0.9752998948097229,-0.04969847947359085,0.5840293765068054,0.9973002076148987,-0.05350319668650627,0.6004553437232971,0.9248770475387573,-0.03218916803598404,0.5959727168083191,0.9502947330474854,-0.03785540163516998,0.5918087363243103,0.969480574131012,-0.03988705202937126,0.5872609615325928,0.9869232773780823,-0.042209308594465256,0.38908320665359497,0.8857758641242981,7.176805638664518e-08,0.40885454416275024,0.8646667003631592,-0.032442785799503326,0.4285068213939667,0.8635536432266235,-0.052432894706726074,0.4422781467437744,0.8783277273178101,-0.06608037650585175,0.4550396203994751,0.8953936696052551,-0.07861820608377457,0.41361573338508606,0.918709397315979,-0.052122581750154495,0.43421003222465515,0.958086371421814,-0.06872741878032684,0.450293630361557,0.9806022047996521,-0.07722651213407516,0.4619027376174927,0.9973006844520569,-0.08233384788036346,0.40496325492858887,0.9409047365188599,-0.0419086217880249,0.42957058548927307,0.9793471097946167,-0.05687852203845978,0.4477013647556305,0.9980517625808716,-0.06151151657104492,0.4601008892059326,1.0126477479934692,-0.06445301324129105,0.4010982811450958,0.9558177590370178,-0.03308577463030815,0.4222794771194458,0.9915825128555298,-0.04588976129889488,0.4388286769390106,1.0060473680496216,-0.04875680431723595,0.4514537751674652,1.0182446241378784,-0.05010715872049332,0.40113791823387146,0.9652007222175598,-0.026510009542107582,0.41647303104400635,0.9940384030342102,-0.03779294714331627,0.42756468057632446,1.008030891418457,-0.04179702326655388,0.4363004267215729,1.0190531015396118,-0.04366578161716461,book
8,0.5883421897888184,0.8210433125495911,1.0504574987635351e-07,0.604905366897583,0.8454134464263916,-0.003420826978981495,0.6063486337661743,0.8811590075492859,-0.002248545875772834,0.5986254811286926,0.9074739217758179,-0.0008797318441793323,0.5926263332366943,0.9252076148986816,0.0015391287161037326,0.6027477383613586,0.9062445759773254,0.0069877952337265015,0.5972496271133423,0.9390532374382019,0.006285407580435276,0.5933151245117188,0.9588591456413269,0.003774736076593399,0.5898189544677734,0.9751299023628235,0.0019087436376139522,0.5950144529342651,0.9055280089378357,0.007456785533577204,0.5912925004959106,0.9347591996192932,0.008461205288767815,0.589171290397644,0.9537489414215088,0.006890268996357918,0.586196780204773,0.9707903265953064,0.00553817767649889,0.5883869528770447,0.9016902446746826,0.006704891100525856,0.5870612859725952,0.9285905361175537,0.008024277165532112,0.5851734280586243,0.9465014934539795,0.009537825360894203,0.5820237398147583,0.9630928039550781,0.01020374707877636,0.582831621170044,0.8968439102172852,0.004950588569045067,0.5834482908248901,0.9184682965278625,0.007284126244485378,0.5833526849746704,0.9318757057189941,0.010434444062411785,0.5816925764083862,0.9441236853599548,0.012666263617575169,0.0,0.0,0.0,0.0,0.0,0.0,0.0,0.0,0.0,0.0,0.0,0.0,0.0,0.0,0.0,0.0,0.0,0.0,0.0,0.0,0.0,0.0,0.0,0.0,0.0,0.0,0.0,0.0,0.0,0.0,0.0,0.0,0.0,0.0,0.0,0.0,0.0,0.0,0.0,0.0,0.0,0.0,0.0,0.0,0.0,0.0,0.0,0.0,0.0,0.0,0.0,0.0,0.0,0.0,0.0,0.0,0.0,0.0,0.0,0.0,0.0,0.0,0.0,book
9,0.4064388573169708,0.7998963594436646,5.365943067658918e-08,0.40696918964385986,0.7831009030342102,-0.019836997613310814,0.4095388948917389,0.7720303535461426,-0.03676297143101692,0.4114994406700134,0.7565245628356934,-0.051996782422065735,0.41355302929878235,0.7423904538154602,-0.06808242946863174,0.4093656539916992,0.8148464560508728,-0.03537943586707115,0.40746161341667175,0.8304447531700134,-0.04999636486172676,0.4098852872848511,0.8440817594528198,-0.060546111315488815,0.4147014915943146,0.8567274212837219,-0.06850186735391617,0.41105514764785767,0.8415821194648743,-0.033804088830947876,0.41075122356414795,0.8667439222335815,-0.045465804636478424,0.41427332162857056,0.8819932341575623,-0.05203641951084137,0.4212284982204437,0.8948720097541809,-0.058580536395311356,0.41362476348876953,0.8644017577171326,-0.03328830748796463,0.41451793909072876,0.8917447328567505,-0.044522784650325775,0.41899558901786804,0.9058923721313477,-0.04931040480732918,0.4270481765270233,0.917530357837677,-0.05331464484333992,0.4166303873062134,0.8807113170623779,-0.034388381987810135,0.41970160603523254,0.9042595624923706,-0.04128319397568703,0.4222136437892914,0.9184326529502869,-0.042696017771959305,0.4264955520629883,0.9277623891830444,-0.04494263231754303,0.0,0.0,0.0,0.0,0.0,0.0,0.0,0.0,0.0,0.0,0.0,0.0,0.0,0.0,0.0,0.0,0.0,0.0,0.0,0.0,0.0,0.0,0.0,0.0,0.0,0.0,0.0,0.0,0.0,0.0,0.0,0.0,0.0,0.0,0.0,0.0,0.0,0.0,0.0,0.0,0.0,0.0,0.0,0.0,0.0,0.0,0.0,0.0,0.0,0.0,0.0,0.0,0.0,0.0,0.0,0.0,0.0,0.0,0.0,0.0,0.0,0.0,0.0,book
10,0.4137572646141052,0.7841270565986633,-1.8710356641804538e-07,0.41693952679634094,0.7531710863113403,-0.011792962439358234,0.4212498068809509,0.7255479097366333,-0.02339579351246357,0.42556053400039673,0.7049009203910828,-0.03425261750817299,0.42580127716064453,0.6833904385566711,-0.04630497097969055,0.412416934967041,0.7627220153808594,-0.039926398545503616,0.41795819997787476,0.7615028023719788,-0.05938927084207535,0.4173954725265503,0.7556170225143433,-0.07149568200111389,0.4140191674232483,0.749097466468811,-0.07931561022996902,0.40852710604667664,0.7917544841766357,-0.04459967091679573,0.41130009293556213,0.7895735502243042,-0.06408388167619705,0.4136964678764343,0.7966784238815308,-0.07128696143627167,0.4142630398273468,0.8049288392066956,-0.07795873284339905,0.4087642729282379,0.817306399345398,-0.048874832689762115,0.40999677777290344,0.8229382038116455,-0.07178261876106262,0.4104352295398712,0.838549792766571,-0.0752706304192543,0.41164496541023254,0.8512990474700928,-0.0768924206495285,0.4098361134529114,0.8404045701026917,-0.05348057299852371,0.40936940908432007,0.8553150296211243,-0.07263504713773727,0.4098251461982727,0.8700279593467712,-0.07506901025772095,0.41245365142822266,0.8828684687614441,-0.07658149302005768,0.4254709780216217,0.813247561454773,-1.480262739050886e-07,0.4224298596382141,0.8374815583229065,-0.01591980829834938,0.4133303761482239,0.8597211241722107,-0.028373654931783676,0.40881049633026123,0.8783876299858093,-0.038933753967285156,0.40959784388542175,0.8948794007301331,-0.05203907936811447,0.4129413366317749,0.8047184944152832,-0.04678525775671005,0.40098562836647034,0.7942089438438416,-0.06589978188276291,0.4042167067527771,0.7942097783088684,-0.08076629042625427,0.4091397821903229,0.7949082851409912,-0.09194953739643097,0.4227954149246216,0.7758688926696777,-0.04902691766619682,0.41407668590545654,0.7630078196525574,-0.06637111306190491,0.4167896807193756,0.755503237247467,-0.07682713866233826,0.4203684628009796,0.7501099109649658,-0.08838976174592972,0.4306659400463104,0.7570436596870422,-0.050599031150341034,0.4259887933731079,0.7380985617637634,-0.06987714022397995,0.43023791909217834,0.7220181822776794,-0.07609125226736069,0.4335990846157074,0.7113425731658936,-0.08209514617919922,0.4375452697277069,0.7439760565757751,-0.053029000759124756,0.4407641589641571,0.7226009368896484,-0.0691177248954773,0.4430106580257416,0.7093207836151123,-0.0729309618473053,0.4424976110458374,0.7002867460250854,-0.07766122370958328,book
11,0.42180711030960083,0.7824020385742188,-3.536347037425003e-08,0.42738616466522217,0.7431139945983887,-0.011384518817067146,0.4301634728908539,0.715153694152832,-0.019464664161205292,0.42888370156288147,0.6920771598815918,-0.02689732238650322,0.43222400546073914,0.6646185517311096,-0.03653476759791374,0.4164498448371887,0.7500084638595581,-0.027678675949573517,0.4113677740097046,0.7506303191184998,-0.04328647628426552,0.40827667713165283,0.751371443271637,-0.05657120421528816,0.4077044129371643,0.7497605681419373,-0.06641558557748795,0.41564807295799255,0.7800857424736023,-0.03127887472510338,0.41268041729927063,0.7856948971748352,-0.04432109743356705,0.4086045026779175,0.7904179692268372,-0.054265622049570084,0.40684112906455994,0.7932709455490112,-0.06448882073163986,0.41692253947257996,0.8062991499900818,-0.03488883003592491,0.41114187240600586,0.8164212703704834,-0.050575949251651764,0.4055710732936859,0.8201296925544739,-0.05582445487380028,0.40428993105888367,0.8188750147819519,-0.061479926109313965,0.41813793778419495,0.8269189596176147,-0.03921787813305855,0.4091971516609192,0.8534485101699829,-0.05475802719593048,0.40898534655570984,0.8641513586044312,-0.05758088082075119,0.41229623556137085,0.8695276975631714,-0.06046578288078308,0.0,0.0,0.0,0.0,0.0,0.0,0.0,0.0,0.0,0.0,0.0,0.0,0.0,0.0,0.0,0.0,0.0,0.0,0.0,0.0,0.0,0.0,0.0,0.0,0.0,0.0,0.0,0.0,0.0,0.0,0.0,0.0,0.0,0.0,0.0,0.0,0.0,0.0,0.0,0.0,0.0,0.0,0.0,0.0,0.0,0.0,0.0,0.0,0.0,0.0,0.0,0.0,0.0,0.0,0.0,0.0,0.0,0.0,0.0,0.0,0.0,0.0,0.0,book
12,0.5426428914070129,0.7742412686347961,1.2224151646478276e-07,0.5305205583572388,0.7195556163787842,-0.006519664078950882,0.5332081913948059,0.666927695274353,-0.011192156001925468,0.5355992317199707,0.6268550753593445,-0.016877133399248123,0.537509560585022,0.5902154445648193,-0.02379862405359745,0.5470454692840576,0.6915900111198425,-0.009633682668209076,0.564136803150177,0.671416699886322,-0.020341921597719193,0.5703097581863403,0.6633745431900024,-0.029623905196785927,0.5754438638687134,0.6541913151741028,-0.03755847364664078,0.5542224645614624,0.7227585911750793,-0.016211973503232002,0.5684148073196411,0.7000126838684082,-0.024655994027853012,0.5750303864479065,0.6890061497688293,-0.03254290670156479,0.5822377800941467,0.6789526343345642,-0.04083940014243126,0.5580458641052246,0.755571722984314,-0.02398504689335823,0.5666987299919128,0.7402059435844421,-0.03546363487839699,0.5752148628234863,0.7269519567489624,-0.040850382298231125,0.5846959352493286,0.7123054265975952,-0.046583764255046844,0.5590956211090088,0.788303554058075,-0.032230764627456665,0.5670443177223206,0.7873918414115906,-0.04394920915365219,0.5731366872787476,0.7823483943939209,-0.04652561619877815,0.5802934765815735,0.7760679721832275,-0.049591150134801865,0.457750141620636,0.7687140107154846,2.597075621224576e-08,0.46558913588523865,0.7317373156547546,-0.013257735408842564,0.4607970714569092,0.6955099105834961,-0.02264983020722866,0.4566901922225952,0.6648797392845154,-0.031247258186340332,0.4565895199775696,0.6352425813674927,-0.04195058345794678,0.4445534348487854,0.7202275395393372,-0.030146636068820953,0.4281202256679535,0.710161566734314,-0.04374318942427635,0.4195570647716522,0.707057535648346,-0.05355696380138397,0.41429954767227173,0.703182578086853,-0.061093855649232864,0.4375140368938446,0.7497833371162415,-0.03272157907485962,0.42359307408332825,0.7461407780647278,-0.04407583549618721,0.4164811968803406,0.741603672504425,-0.05103439837694168,0.41282910108566284,0.7347577810287476,-0.05859753116965294,0.4368270933628082,0.7800951600074768,-0.03592151030898094,0.4227423071861267,0.7802040576934814,-0.04698960483074188,0.4159734845161438,0.7785083651542664,-0.05198964476585388,0.4114825129508972,0.7720901966094971,-0.05811382085084915,0.4413940906524658,0.8073868155479431,-0.040147919207811356,0.43435922265052795,0.820993959903717,-0.05082487687468529,0.42880773544311523,0.8283766508102417,-0.05487364903092384,0.4234289824962616,0.8311933875083923,-0.0595402829349041,book
13,0.5257180333137512,0.7757434248924255,2.8267961305061817e-09,0.5221039652824402,0.7201840877532959,-0.007876411080360413,0.5245123505592346,0.6640351414680481,-0.012961328960955143,0.5261143445968628,0.6195309162139893,-0.017955997958779335,0.5243596434593201,0.5841061472892761,-0.02216576412320137,0.5216400623321533,0.6851800084114075,-0.011648375540971756,0.5454138517379761,0.6616916656494141,-0.021652815863490105,0.5472354888916016,0.6637633442878723,-0.02762707695364952,0.5444520711898804,0.6624500751495361,-0.0321492962539196,0.5278313755989075,0.7156720161437988,-0.014551974833011627,0.5521010756492615,0.6907200217247009,-0.021700909361243248,0.5515815615653992,0.6912222504615784,-0.02416299097239971,0.549397349357605,0.6915899515151978,-0.027857378125190735,0.5350333452224731,0.7464989423751831,-0.018673479557037354,0.5563938021659851,0.7273937463760376,-0.026112698018550873,0.5566439628601074,0.7258605360984802,-0.024425670504570007,0.5553404688835144,0.724921703338623,-0.024590127170085907,0.5417998433113098,0.7768922448158264,-0.023444361984729767,0.5564159750938416,0.7684151530265808,-0.028644723817706108,0.5575069785118103,0.7694311141967773,-0.026400599628686905,0.5567777156829834,0.7706910371780396,-0.025579968467354774,0.4720553159713745,0.7606914639472961,2.9076344887357664e-08,0.4776856601238251,0.7230827212333679,-0.010301997885107994,0.47443830966949463,0.6854579448699951,-0.01783890835940838,0.47069793939590454,0.6532097458839417,-0.024902861565351486,0.47092652320861816,0.6230724453926086,-0.034043435007333755,0.46378982067108154,0.7113767862319946,-0.02344704233109951,0.44957149028778076,0.7009029984474182,-0.03376143425703049,0.4386121928691864,0.6967044472694397,-0.042037349194288254,0.42836707830429077,0.6931437253952026,-0.04879053682088852,0.45684540271759033,0.7420973181724548,-0.026133937761187553,0.4453774094581604,0.7351797819137573,-0.03393704816699028,0.43496379256248474,0.7290902137756348,-0.03971000388264656,0.4256235659122467,0.7232531905174255,-0.04687837138772011,0.45374295115470886,0.7735673189163208,-0.02920328453183174,0.44378334283828735,0.7729983925819397,-0.03770153969526291,0.43649646639823914,0.7694141268730164,-0.040803853422403336,0.4296109080314636,0.7630735039710999,-0.045620884746313095,0.45369458198547363,0.8020203113555908,-0.03314566612243652,0.44835904240608215,0.8136034607887268,-0.04130472242832184,0.4456598162651062,0.8174569606781006,-0.042863879352808,0.44296810030937195,0.8172839283943176,-0.04568041115999222,book
14,0.5359886288642883,0.7745122313499451,-1.9186251165592694e-07,0.5239642262458801,0.7302376627922058,-0.006637740880250931,0.5132956504821777,0.67868572473526,-0.007916086353361607,0.5081676244735718,0.6372712850570679,-0.009336587972939014,0.5016918778419495,0.6032171845436096,-0.010810074396431446,0.5248099565505981,0.6866002082824707,-0.006715166382491589,0.5146160125732422,0.6701651215553284,-0.015929220244288445,0.5067461133003235,0.6735622882843018,-0.02218768186867237,0.5070594549179077,0.6660912036895752,-0.027625294402241707,0.5277994871139526,0.715129554271698,-0.009747718460857868,0.5135015845298767,0.711042046546936,-0.018110379576683044,0.5042188167572021,0.7230247259140015,-0.021242942661046982,0.5052627921104431,0.7232404947280884,-0.024802571162581444,0.5288755297660828,0.744492769241333,-0.014179829508066177,0.5143381953239441,0.7486622333526611,-0.024125875905156136,0.5020827651023865,0.7622817754745483,-0.023966332897543907,0.5004306435585022,0.7632063031196594,-0.024711066856980324,0.5294713973999023,0.7734494209289551,-0.019094040617346764,0.5142030715942383,0.7861734628677368,-0.028390198945999146,0.5057582259178162,0.7965020537376404,-0.02903209999203682,0.5049428343772888,0.7975804209709167,-0.029332652688026428,0.49359792470932007,0.7663390636444092,-8.937689699450857e-08,0.4949783384799957,0.7292236685752869,-0.010548488236963749,0.4853297173976898,0.6828569173812866,-0.01624772697687149,0.4790474474430084,0.6422565579414368,-0.02133721113204956,0.47733473777770996,0.608863353729248,-0.026927504688501358,0.4758060574531555,0.7032977342605591,-0.01489023957401514,0.4668620228767395,0.6876874566078186,-0.026671865954995155,0.4749651253223419,0.6979950070381165,-0.03287941962480545,0.48098596930503845,0.7014575004577637,-0.037387117743492126,0.46654385328292847,0.7331624627113342,-0.017355386167764664,0.45730316638946533,0.7130716443061829,-0.028294378891587257,0.4708317518234253,0.7295722961425781,-0.031686294823884964,0.477908730506897,0.7404302954673767,-0.03401309624314308,0.46264007687568665,0.7636095881462097,-0.021045032888650894,0.4552456736564636,0.7532386779785156,-0.036709532141685486,0.47147229313850403,0.7690056562423706,-0.03510144725441933,0.47972992062568665,0.7785759568214417,-0.03284922242164612,0.462590754032135,0.792485237121582,-0.025130126625299454,0.46360301971435547,0.8015941977500916,-0.03969745710492134,0.47972372174263,0.8168924450874329,-0.03857792168855667,0.48811104893684387,0.824636697769165,-0.03663402795791626,book
15,0.5314515233039856,0.7588601112365723,-6.407153563259271e-08,0.5084180235862732,0.7234031558036804,-0.012484976090490818,0.48542046546936035,0.680016040802002,-0.02041153982281685,0.47394049167633057,0.638352632522583,-0.026204220950603485,0.46875664591789246,0.6057911515235901,-0.03385225683450699,0.5067834854125977,0.7013992667198181,-0.031001687049865723,0.5056354403495789,0.6868373155593872,-0.0440249927341938,0.5011950135231018,0.6865277290344238,-0.05363507568836212,0.49387094378471375,0.6850026249885559,-0.061184994876384735,0.5089422464370728,0.7319937348365784,-0.03199407458305359,0.5050883293151855,0.7257754802703857,-0.040463827550411224,0.49813398718833923,0.7285319566726685,-0.04547209292650223,0.4900692105293274,0.7303746342658997,-0.052864134311676025,0.5110629796981812,0.763975203037262,-0.033140528947114944,0.5014198422431946,0.7659944295883179,-0.04238261282444,0.495836079120636,0.772976815700531,-0.04320119693875313,0.48964324593544006,0.7765567302703857,-0.04658949747681618,0.5129693150520325,0.7930124402046204,-0.035143591463565826,0.505243718624115,0.8097885847091675,-0.04378700256347656,0.5003046989440918,0.8202929496765137,-0.04430832713842392,0.4955689311027527,0.8255593180656433,-0.04632122442126274,0.0,0.0,0.0,0.0,0.0,0.0,0.0,0.0,0.0,0.0,0.0,0.0,0.0,0.0,0.0,0.0,0.0,0.0,0.0,0.0,0.0,0.0,0.0,0.0,0.0,0.0,0.0,0.0,0.0,0.0,0.0,0.0,0.0,0.0,0.0,0.0,0.0,0.0,0.0,0.0,0.0,0.0,0.0,0.0,0.0,0.0,0.0,0.0,0.0,0.0,0.0,0.0,0.0,0.0,0.0,0.0,0.0,0.0,0.0,0.0,0.0,0.0,0.0,book
16,0.5398856997489929,0.6977545022964478,9.302856796011838e-08,0.525278627872467,0.6928162574768066,-0.008252590894699097,0.519012451171875,0.6915513873100281,-0.019541127607226372,0.5202638506889343,0.6885724663734436,-0.03014976531267166,0.5198042988777161,0.6878309845924377,-0.04053766280412674,0.5311392545700073,0.7213853597640991,-0.026977717876434326,0.5193995237350464,0.7571049332618713,-0.03656074404716492,0.5121398568153381,0.7662869691848755,-0.04053250700235367,0.5096529126167297,0.7716893553733826,-0.042823076248168945,0.543947160243988,0.7380650639533997,-0.02721886895596981,0.5301674008369446,0.7817454934120178,-0.03341931104660034,0.5206419229507446,0.7795500159263611,-0.0329146571457386,0.5192428231239319,0.7725579142570496,-0.03328179195523262,0.5527840852737427,0.7524713277816772,-0.026907572522759438,0.5389760136604309,0.7950879335403442,-0.029163004830479622,0.529650866985321,0.7883563041687012,-0.02452690713107586,0.5281563401222229,0.7773067951202393,-0.022447895258665085,0.5575322508811951,0.7648422122001648,-0.02722593955695629,0.5475119352340698,0.7982802391052246,-0.02621472254395485,0.5395285487174988,0.7923592925071716,-0.020779278129339218,0.5383105874061584,0.7812116146087646,-0.017803896218538284,0.509670078754425,0.7386739253997803,-1.183920872449562e-08,0.48524871468544006,0.7086899876594543,-0.01346428133547306,0.46487608551979065,0.6832179427146912,-0.021508442237973213,0.4435338079929352,0.661125898361206,-0.028478939086198807,0.4228275418281555,0.6516320705413818,-0.03609180450439453,0.4792780578136444,0.7066147923469543,-0.026898054406046867,0.47561657428741455,0.7016962766647339,-0.04346425086259842,0.47786447405815125,0.6957263350486755,-0.056411854922771454,0.48261284828186035,0.6857372522354126,-0.06539694964885712,0.49390408396720886,0.7287079691886902,-0.028115717694163322,0.5037713050842285,0.7291390299797058,-0.043162137269973755,0.5090309977531433,0.7266305088996887,-0.05127257853746414,0.5138053297996521,0.7199816107749939,-0.058956850320100784,0.5048597455024719,0.7486389875411987,-0.030018961057066917,0.5126237869262695,0.7569283843040466,-0.046048738062381744,0.5152450799942017,0.7589792013168335,-0.04735790938138962,0.5186046361923218,0.7569981813430786,-0.048327356576919556,0.5095624327659607,0.768110990524292,-0.03301326557993889,0.5129925012588501,0.7817924618721008,-0.04654664546251297,0.51204913854599,0.7890937328338623,-0.04761623591184616,0.5117204189300537,0.791196346282959,-0.048083167523145676,book
17,0.45015621185302734,0.719539999961853,-1.957956641263081e-07,0.4361531734466553,0.6979038119316101,-0.014801684767007828,0.4242199659347534,0.6835165023803711,-0.02402796782553196,0.4120909571647644,0.676978349685669,-0.03102715127170086,0.39260631799697876,0.6688790917396545,-0.040273528546094894,0.44788461923599243,0.7187437415122986,-0.027636833488941193,0.44867077469825745,0.7542504072189331,-0.0446736216545105,0.44383102655410767,0.7762307524681091,-0.061997778713703156,0.44039013981819153,0.7964417934417725,-0.07291623204946518,0.46303337812423706,0.7376371026039124,-0.02715959958732128,0.4655037522315979,0.767748236656189,-0.03910597786307335,0.46210721135139465,0.791706383228302,-0.053464677184820175,0.45895031094551086,0.81160569190979,-0.06701251864433289,0.472792387008667,0.7503682374954224,-0.026679938659071922,0.4774322807788849,0.7753759622573853,-0.040872808545827866,0.47231125831604004,0.7997413873672485,-0.05069437623023987,0.4678942859172821,0.8186352252960205,-0.058917801827192307,0.47812697291374207,0.7580170631408691,-0.026936447247862816,0.48670315742492676,0.7808710336685181,-0.0388818196952343,0.489865243434906,0.7998641133308411,-0.04217396304011345,0.4900082051753998,0.8157797455787659,-0.04581319913268089,0.0,0.0,0.0,0.0,0.0,0.0,0.0,0.0,0.0,0.0,0.0,0.0,0.0,0.0,0.0,0.0,0.0,0.0,0.0,0.0,0.0,0.0,0.0,0.0,0.0,0.0,0.0,0.0,0.0,0.0,0.0,0.0,0.0,0.0,0.0,0.0,0.0,0.0,0.0,0.0,0.0,0.0,0.0,0.0,0.0,0.0,0.0,0.0,0.0,0.0,0.0,0.0,0.0,0.0,0.0,0.0,0.0,0.0,0.0,0.0,0.0,0.0,0.0,book
18,0.5355484485626221,0.7176326513290405,-5.6242935642103475e-08,0.5511431694030762,0.6753144264221191,-0.012364020571112633,0.5793604254722595,0.6427048444747925,-0.017377054318785667,0.6005833745002747,0.6196064949035645,-0.021410847082734108,0.6144554615020752,0.5945845246315002,-0.025526409968733788,0.5711880326271057,0.6764190196990967,-0.016777770593762398,0.581875741481781,0.6774021983146667,-0.026607291772961617,0.5874055624008179,0.6808503866195679,-0.03419257700443268,0.5951656699180603,0.6836196184158325,-0.040221311151981354,0.5625120997428894,0.707061231136322,-0.017928315326571465,0.5743064284324646,0.7085092663764954,-0.024612808600068092,0.580659031867981,0.7138144373893738,-0.02915938012301922,0.5868597030639648,0.7204437255859375,-0.03513317555189133,0.5533685088157654,0.734505832195282,-0.020350396633148193,0.5619736313819885,0.7386518716812134,-0.03103211522102356,0.5663713812828064,0.7454112768173218,-0.03318716585636139,0.5716520547866821,0.751898467540741,-0.03570082411170006,0.5427379608154297,0.7586407661437988,-0.023680279031395912,0.5505152344703674,0.7670498490333557,-0.033346761018037796,0.5489003658294678,0.7713570594787598,-0.03385007753968239,0.5475728511810303,0.775425374507904,-0.035062212496995926,0.4612264931201935,0.7469334602355957,-4.365187677990434e-08,0.4408723711967468,0.7118883728981018,-0.020504197105765343,0.41970640420913696,0.6832910776138306,-0.043491579592227936,0.40205445885658264,0.6665056347846985,-0.06532437354326248,0.38639408349990845,0.652644157409668,-0.08802295476198196,0.4344056248664856,0.7107105851173401,-0.04931345954537392,0.42965778708457947,0.7214102745056152,-0.06982707977294922,0.4216572344303131,0.7249313592910767,-0.0834641307592392,0.41558778285980225,0.7233660221099854,-0.0921839252114296,0.4453340768814087,0.7365760803222656,-0.04954865574836731,0.4347708821296692,0.7536095976829529,-0.06469887495040894,0.43124979734420776,0.7587143182754517,-0.07078387588262558,0.43156304955482483,0.7609738707542419,-0.07780325412750244,0.4553113281726837,0.7608461380004883,-0.05004734545946121,0.4498330354690552,0.7855023741722107,-0.06167638301849365,0.45016807317733765,0.7958202958106995,-0.06459116190671921,0.45223280787467957,0.8024445176124573,-0.06855033338069916,0.46486523747444153,0.7818953394889832,-0.05225997790694237,0.46515989303588867,0.8023821115493774,-0.058430805802345276,0.4693961441516876,0.8122736215591431,-0.05776188522577286,0.4758526384830475,0.8198081254959106,-0.05957810953259468,book
19,0.5520402789115906,0.7168644070625305,1.0732185273809591e-07,0.5605074763298035,0.672313392162323,-0.013148420490324497,0.5856542587280273,0.6368337273597717,-0.01953909732401371,0.6067469716072083,0.6143263578414917,-0.023932812735438347,0.6213172674179077,0.5908514857292175,-0.028439102694392204,0.5830940008163452,0.6733483672142029,-0.021009907126426697,0.5963802933692932,0.6712666153907776,-0.03024526685476303,0.6050625443458557,0.6742628812789917,-0.03664339333772659,0.6151880025863647,0.677697479724884,-0.0419980064034462,0.5774521231651306,0.7048678398132324,-0.021043546497821808,0.5940049290657043,0.7047825455665588,-0.027147363871335983,0.6058638691902161,0.7077494263648987,-0.030853889882564545,0.6165134310722351,0.7109835147857666,-0.03589269146323204,0.5694233179092407,0.7326628565788269,-0.02192886918783188,0.5839542746543884,0.7325356006622314,-0.03135744854807854,0.5941411256790161,0.7361842393875122,-0.0336921289563179,0.6038436889648438,0.7386777997016907,-0.03646104782819748,0.5597878694534302,0.7565155029296875,-0.02345757931470871,0.5690131783485413,0.7651181221008301,-0.03391866385936737,0.5730247497558594,0.7697575092315674,-0.035770609974861145,0.5777654051780701,0.7726998329162598,-0.037624914199113846,0.44491341710090637,0.7385991811752319,-1.0242941073101974e-07,0.4316171109676361,0.7014656662940979,-0.017163079231977463,0.41655370593070984,0.6713699102401733,-0.028102951124310493,0.40268540382385254,0.6538200378417969,-0.03667755424976349,0.3869273066520691,0.6342726349830627,-0.047130804508924484,0.42740389704704285,0.7117480635643005,-0.03386958688497543,0.4198356866836548,0.7280325293540955,-0.050556231290102005,0.41388022899627686,0.7392795085906982,-0.06492328643798828,0.4084971249103546,0.7502480745315552,-0.07477859407663345,0.4385126531124115,0.7405243515968323,-0.033567655831575394,0.4322115182876587,0.7683736681938171,-0.0460294745862484,0.42268308997154236,0.7808481454849243,-0.05609588697552681,0.4153381586074829,0.7896961569786072,-0.06663540750741959,0.44885343313217163,0.7661351561546326,-0.033635739237070084,0.44602739810943604,0.7924399971961975,-0.046421293169260025,0.4372607171535492,0.8034809231758118,-0.05028316378593445,0.4295291006565094,0.8087015151977539,-0.05511336773633957,0.4574665427207947,0.7846410870552063,-0.035073503851890564,0.4605218172073364,0.8104544281959534,-0.04565057530999184,0.4562421143054962,0.8225712180137634,-0.046648528426885605,0.45136573910713196,0.8306145668029785,-0.04872257634997368,book
20,0.5570211410522461,0.7235556840896606,9.221677998993982e-08,0.5608190298080444,0.6772924065589905,-0.0140919154509902,0.5832971334457397,0.6361703872680664,-0.02004116401076317,0.602718710899353,0.6087620854377747,-0.024249592795968056,0.6160430908203125,0.5809110999107361,-0.02882012166082859,0.5859846472740173,0.6730293035507202,-0.019240252673625946,0.6012788414955139,0.6656507253646851,-0.028587227687239647,0.6114803552627563,0.6654223203659058,-0.03530418127775192,0.6236239671707153,0.6657548546791077,-0.041632700711488724,0.5836578607559204,0.7050562500953674,-0.020154641941189766,0.600709855556488,0.6990836262702942,-0.028126852586865425,0.6130392551422119,0.6976345777511597,-0.034026410430669785,0.6258719563484192,0.6971996426582336,-0.04041115939617157,0.576621949672699,0.7348326444625854,-0.02217273786664009,0.5945242047309875,0.7299307584762573,-0.03478866443037987,0.6060773730278015,0.7303022742271423,-0.03915385901927948,0.6183161735534668,0.7290083169937134,-0.04298312962055206,0.5667177438735962,0.7612578868865967,-0.024797240272164345,0.5764792561531067,0.7685706615447998,-0.03874359279870987,0.5829105377197266,0.7746050357818604,-0.042531367391347885,0.5907885432243347,0.7777023315429688,-0.04554182291030884,0.4549459218978882,0.741350531578064,-9.73198632792105e-10,0.44623228907585144,0.7023170590400696,-0.014377539977431297,0.4295431077480316,0.6697748899459839,-0.024689653888344765,0.4162752628326416,0.6442920565605164,-0.03373130038380623,0.4039623737335205,0.6213887333869934,-0.04434219375252724,0.4253644347190857,0.7159539461135864,-0.028631091117858887,0.40970954298973083,0.7261447906494141,-0.03972472622990608,0.39946699142456055,0.7362557649612427,-0.04815870150923729,0.3887794613838196,0.7473259568214417,-0.05476045235991478,0.431740403175354,0.7479557394981384,-0.028662007302045822,0.417662113904953,0.759491503238678,-0.03612217307090759,0.40688374638557434,0.768168568611145,-0.040224432945251465,0.39601975679397583,0.7772645950317383,-0.045974429696798325,0.44141992926597595,0.7735278010368347,-0.029207412153482437,0.4283334016799927,0.7862348556518555,-0.03612050414085388,0.4187500476837158,0.7944053411483765,-0.03643551468849182,0.40775927901268005,0.8021727800369263,-0.03916836529970169,0.45349666476249695,0.7936109304428101,-0.031186603009700775,0.4462969899177551,0.8130297660827637,-0.03820008412003517,0.44146203994750977,0.8254542350769043,-0.03824996575713158,0.43602728843688965,0.8371089100837708,-0.039573557674884796,book
21,0.5549474954605103,0.7283437252044678,9.4581338316857e-08,0.5564954876899719,0.6813344359397888,-0.014750778675079346,0.5752851366996765,0.6370026469230652,-0.021306920796632767,0.592173159122467,0.605932891368866,-0.025921739637851715,0.6038586497306824,0.5757439136505127,-0.0307780671864748,0.5819534063339233,0.6731844544410706,-0.021647922694683075,0.5977398157119751,0.6621682643890381,-0.03220968693494797,0.6082671284675598,0.661206841468811,-0.03956788405776024,0.6207098364830017,0.660324215888977,-0.04617689922451973,0.5826213955879211,0.7063872814178467,-0.022548411041498184,0.6001572608947754,0.696548342704773,-0.031879547983407974,0.6126360297203064,0.6925967335700989,-0.03849928826093674,0.6250184178352356,0.6893535256385803,-0.04526485875248909,0.5779632925987244,0.7384525537490845,-0.024510465562343597,0.5957157015800476,0.7309945821762085,-0.03836134076118469,0.6078866720199585,0.7283170819282532,-0.043615180999040604,0.6195248961448669,0.7240789532661438,-0.04779165983200073,0.5698853731155396,0.7672826051712036,-0.027039077132940292,0.5815963745117188,0.7735273241996765,-0.0419037826359272,0.5890944600105286,0.7764532566070557,-0.046333447098731995,0.59690260887146,0.7761051058769226,-0.049634575843811035,0.45879700779914856,0.7498407959938049,7.94236285628358e-08,0.45208021998405457,0.7058303356170654,-0.015107672661542892,0.4397161602973938,0.6706395149230957,-0.026468174532055855,0.4311402142047882,0.6421032547950745,-0.03673459589481354,0.42342764139175415,0.6154550313949585,-0.04867465794086456,0.4337693452835083,0.714328408241272,-0.031167304143309593,0.41603490710258484,0.7168672680854797,-0.04312568157911301,0.40375131368637085,0.7215549945831299,-0.05135193094611168,0.3905356824398041,0.7271745800971985,-0.057749006897211075,0.43592965602874756,0.7491567134857178,-0.03113999217748642,0.41878053545951843,0.7553496360778809,-0.0392698235809803,0.4061470031738281,0.7589659094810486,-0.042761676013469696,0.3930358290672302,0.7623283863067627,-0.04790966212749481,0.442435085773468,0.7779328227043152,-0.03166382759809494,0.4277249574661255,0.7872166037559509,-0.03923722356557846,0.41497379541397095,0.7917008399963379,-0.040263425558805466,0.4014858305454254,0.7942992448806763,-0.04330037906765938,0.45187899470329285,0.8000065088272095,-0.03368757292628288,0.44396620988845825,0.817772626876831,-0.04064997285604477,0.435912162065506,0.8271548748016357,-0.04113585874438286,0.4269315004348755,0.8334882259368896,-0.043035928159952164,book
22,0.5413740873336792,0.7373119592666626,7.306472582513379e-08,0.544100284576416,0.689571738243103,-0.011973011307418346,0.5609295964241028,0.6414528489112854,-0.019314933568239212,0.5744954347610474,0.6053229570388794,-0.024873118847608566,0.5839512944221497,0.5727239847183228,-0.030530352145433426,0.5691115856170654,0.6758632063865662,-0.024787357077002525,0.58781898021698,0.6631144881248474,-0.03541817516088486,0.5983415842056274,0.6595999002456665,-0.04138731211423874,0.6086699366569519,0.6563593745231628,-0.046649228781461716,0.571152925491333,0.7083351612091064,-0.026667602360248566,0.5903308391571045,0.6967310905456543,-0.03608029708266258,0.6038392186164856,0.6905786395072937,-0.04118591919541359,0.6152780055999756,0.6859748363494873,-0.04673600569367409,0.5679779648780823,0.7410451769828796,-0.02904985472559929,0.5862782597541809,0.7318109273910522,-0.04267564043402672,0.6002922058105469,0.7261607646942139,-0.04780041426420212,0.6128495931625366,0.7202516794204712,-0.05204327404499054,0.5610455274581909,0.7719675302505493,-0.03152709826827049,0.5737978219985962,0.7789901494979858,-0.04658402502536774,0.5832583904266357,0.7813238501548767,-0.05170377716422081,0.5929115414619446,0.7814849615097046,-0.05544428527355194,0.46618905663490295,0.7578582167625427,5.0803887319261776e-08,0.464487761259079,0.7137791514396667,-0.012935030274093151,0.45611900091171265,0.6756036281585693,-0.02298925071954727,0.4493137300014496,0.6449907422065735,-0.03234957531094551,0.44425585865974426,0.616841733455658,-0.04370656982064247,0.4428655505180359,0.713408887386322,-0.027842974290251732,0.4250272214412689,0.7106016278266907,-0.03940649330615997,0.41255494952201843,0.7120916843414307,-0.04792700335383415,0.4002995491027832,0.7152644395828247,-0.05429007485508919,0.44164225459098816,0.7491910457611084,-0.028871353715658188,0.423663854598999,0.7491560578346252,-0.03585244342684746,0.41063764691352844,0.7519117593765259,-0.039176132529973984,0.39885199069976807,0.7550853490829468,-0.0442064106464386,0.4461144804954529,0.7801949977874756,-0.030370624735951424,0.42948412895202637,0.7835878729820251,-0.036894552409648895,0.4171852767467499,0.7871401906013489,-0.03721826151013374,0.4050219655036926,0.7887147068977356,-0.03997695446014404,0.45492279529571533,0.8062673807144165,-0.033188432455062866,0.4460192024707794,0.8209789991378784,-0.03998135030269623,0.4387787878513336,0.8289799094200134,-0.03980045020580292,0.43116477131843567,0.8344117403030396,-0.04093591496348381,book
23,0.5326405167579651,0.7397328615188599,3.173741092155069e-08,0.5301842093467712,0.6943036913871765,-0.014025839976966381,0.5425105690956116,0.6464248895645142,-0.022461803629994392,0.5522652864456177,0.6091523170471191,-0.029101930558681488,0.557823657989502,0.5750265717506409,-0.035747721791267395,0.5498743653297424,0.6823484897613525,-0.025721214711666107,0.5663360357284546,0.6683815121650696,-0.037696585059165955,0.5746184587478638,0.6670124530792236,-0.04581912234425545,0.5821515917778015,0.6639416813850403,-0.05242311209440231,0.5537357926368713,0.7142211198806763,-0.02664509229362011,0.5697689652442932,0.7023783326148987,-0.03645113483071327,0.5800113081932068,0.6972193717956543,-0.04174758493900299,0.5885217189788818,0.6927110552787781,-0.048115067183971405,0.553493320941925,0.7452558279037476,-0.02844107151031494,0.5679512619972229,0.7387005686759949,-0.04039984568953514,0.5778542160987854,0.736301839351654,-0.04191222041845322,0.5863072872161865,0.7331873178482056,-0.0441320538520813,0.5499293208122253,0.7748357057571411,-0.030999863520264626,0.5649387836456299,0.7792447805404663,-0.041959621012210846,0.5727942585945129,0.7811099886894226,-0.04269501194357872,0.5792669057846069,0.7802975177764893,-0.04407498240470886,0.4745462238788605,0.7614635825157166,1.0275692297057049e-08,0.47820138931274414,0.7213740944862366,-0.010679514147341251,0.47259455919265747,0.682781994342804,-0.019984455779194832,0.46804913878440857,0.6493789553642273,-0.028669681400060654,0.46474283933639526,0.6183987259864807,-0.03961201757192612,0.4643922448158264,0.7154057621955872,-0.02609587088227272,0.4468291103839874,0.7138492465019226,-0.03597612306475639,0.4338165521621704,0.7134970426559448,-0.043789710849523544,0.42302632331848145,0.7125993371009827,-0.04999978467822075,0.4603753089904785,0.7515343427658081,-0.028047239407896996,0.4394374489784241,0.7483202815055847,-0.03400425240397453,0.42907389998435974,0.7468962073326111,-0.036486171185970306,0.4229927361011505,0.7467493414878845,-0.04129718616604805,0.4601016640663147,0.7844952344894409,-0.030073778703808784,0.4381242096424103,0.7832386493682861,-0.037358906120061874,0.43238765001296997,0.7855437397956848,-0.03551911190152168,0.43123355507850647,0.7865914702415466,-0.03624448925256729,0.46262049674987793,0.8139263391494751,-0.033007919788360596,0.4449355900287628,0.8257541060447693,-0.0404060035943985,0.4440132677555084,0.8287280797958374,-0.037840455770492554,0.44759494066238403,0.8289706110954285,-0.036842841655015945,book
24,0.5170691609382629,0.7388210296630859,-3.983132046414539e-08,0.5165213346481323,0.6976232528686523,-0.016046961769461632,0.525799572467804,0.654913067817688,-0.024920383468270302,0.5317350029945374,0.6168586611747742,-0.032520096749067307,0.5340511202812195,0.5808389186859131,-0.04037998616695404,0.5285543203353882,0.6881552338600159,-0.024805139750242233,0.5312944650650024,0.6811785101890564,-0.037885814905166626,0.5354835391044617,0.6811407208442688,-0.04696439206600189,0.5438965559005737,0.6769363284111023,-0.05430407449603081,0.5299423933029175,0.7234489321708679,-0.025538813322782516,0.5311556458473206,0.7159246206283569,-0.03702276200056076,0.5338578820228577,0.7164108753204346,-0.04294441640377045,0.5400201082229614,0.7157784700393677,-0.04937562718987465,0.530346691608429,0.7561548948287964,-0.027520956471562386,0.5317248702049255,0.7556190490722656,-0.0426812544465065,0.5324410796165466,0.7576243877410889,-0.04383012652397156,0.5368221998214722,0.7577171921730042,-0.04481206461787224,0.5291165709495544,0.7865710258483887,-0.030540823936462402,0.5333550572395325,0.7951027154922485,-0.044470783323049545,0.530957043170929,0.8003004789352417,-0.04459289461374283,0.5300501585006714,0.8034106492996216,-0.04451421648263931,0.5076873898506165,0.7638249397277832,-4.957113475256847e-08,0.4992735981941223,0.7236199378967285,-0.0053132083266973495,0.48796018958091736,0.6856471300125122,-0.011983310803771019,0.4825390875339508,0.6473610401153564,-0.019498415291309357,0.47750595211982727,0.6147480607032776,-0.028801176697015762,0.48383477330207825,0.7156527638435364,-0.011477702297270298,0.47154930233955383,0.7158075571060181,-0.018816780298948288,0.4645916223526001,0.7159989476203918,-0.026538770645856857,0.45835545659065247,0.7142570614814758,-0.033138275146484375,0.48021841049194336,0.7513494491577148,-0.015515279956161976,0.4664002060890198,0.7534716129302979,-0.019647106528282166,0.46749943494796753,0.7526708841323853,-0.023952191695570946,0.4670981466770172,0.752309262752533,-0.030083872377872467,0.47820281982421875,0.7865288257598877,-0.01967249996960163,0.4665667712688446,0.7882714867591858,-0.025157326832413673,0.46920135617256165,0.7896777391433716,-0.02316988818347454,0.4696013927459717,0.7916794419288635,-0.023937402293086052,0.478500097990036,0.8168628811836243,-0.024341383948922157,0.46783459186553955,0.8216155767440796,-0.025751374661922455,0.47274670004844666,0.8234925866127014,-0.019547853618860245,0.4754970669746399,0.8272368311882019,-0.016937606036663055,book
25,0.5162398219108582,0.7634174227714539,-3.0424726560340787e-07,0.4989445209503174,0.7241392731666565,-0.014660080894827843,0.49093878269195557,0.6769260764122009,-0.0241196621209383,0.4878876209259033,0.637320876121521,-0.03180884197354317,0.48580262064933777,0.601773738861084,-0.03864004835486412,0.520191490650177,0.6934950351715088,-0.0268839243799448,0.5140619277954102,0.6866844892501831,-0.03929118067026138,0.5021290183067322,0.6952337622642517,-0.0460522323846817,0.4955838918685913,0.7026219367980957,-0.05034882575273514,0.5316804647445679,0.7267926931381226,-0.026118358597159386,0.5144754648208618,0.730749249458313,-0.03526109457015991,0.5023086071014404,0.7438128590583801,-0.03769189119338989,0.49805212020874023,0.7539467215538025,-0.04084949940443039,0.5389680862426758,0.758303701877594,-0.025982702150940895,0.5231705904006958,0.7668664455413818,-0.038996387273073196,0.5115904211997986,0.7793601155281067,-0.03878525272011757,0.5055166482925415,0.7884225845336914,-0.03820887580513954,0.5434768199920654,0.7855252027511597,-0.026506680995225906,0.5301778316497803,0.7997888922691345,-0.04028595983982086,0.5177120566368103,0.813140869140625,-0.04066580533981323,0.5113950967788696,0.8237169981002808,-0.03918340057134628,0.5440084934234619,0.7663888931274414,-1.4575090290236403e-07,0.5199495553970337,0.7219173312187195,-0.009832549840211868,0.4956180155277252,0.6739402413368225,-0.01952623389661312,0.4872453212738037,0.6326149702072144,-0.028359346091747284,0.4868227243423462,0.6009573936462402,-0.039324674755334854,0.5157783031463623,0.703083336353302,-0.03333519399166107,0.5181187987327576,0.6977471709251404,-0.04804370179772377,0.5130933523178101,0.6991118788719177,-0.0610630065202713,0.5058634877204895,0.7018126845359802,-0.0706593245267868,0.5168682336807251,0.741605818271637,-0.03507694602012634,0.5142789483070374,0.7438817024230957,-0.046232737600803375,0.5039585828781128,0.7481546401977539,-0.055544011294841766,0.49515506625175476,0.7562317848205566,-0.06622260808944702,0.5169740319252014,0.7757077813148499,-0.03593524545431137,0.5084716081619263,0.7797811031341553,-0.045462995767593384,0.5018863677978516,0.7851694822311401,-0.050451237708330154,0.49664396047592163,0.7926778793334961,-0.056960493326187134,0.51606684923172,0.8051773309707642,-0.03747329115867615,0.5081890821456909,0.8169043064117432,-0.04417440667748451,0.5034213662147522,0.8267890810966492,-0.04593343660235405,0.4994599521160126,0.8380311727523804,-0.04966709017753601,book
26,0.5051529407501221,0.734842836856842,-1.8356486464199406e-07,0.49094974994659424,0.7054666876792908,-0.018947510048747063,0.47638988494873047,0.674436092376709,-0.030687818303704262,0.46350517868995667,0.6429869532585144,-0.03968134894967079,0.45520707964897156,0.614698052406311,-0.050151288509368896,0.5017738938331604,0.7134703397750854,-0.03702558949589729,0.50771564245224,0.73007732629776,-0.0554746650159359,0.5097256898880005,0.741934597492218,-0.07135188579559326,0.5068484544754028,0.7524019479751587,-0.08203631639480591,0.5105011463165283,0.7434646487236023,-0.03534921631217003,0.5173745155334473,0.7590683698654175,-0.05128023400902748,0.5137408971786499,0.7730143070220947,-0.06395713239908218,0.5086145401000977,0.7870624661445618,-0.07582416385412216,0.5132051706314087,0.7663275599479675,-0.0337408110499382,0.5162213444709778,0.7856298089027405,-0.05005623772740364,0.5115686058998108,0.8008784651756287,-0.05572152137756348,0.5054899454116821,0.8125185966491699,-0.060766831040382385,0.5116966366767883,0.7842110991477966,-0.03340465947985649,0.5114668607711792,0.80247563123703,-0.04591307044029236,0.5083109736442566,0.816148042678833,-0.04739756882190704,0.5033653974533081,0.826294481754303,-0.04947637766599655,0.0,0.0,0.0,0.0,0.0,0.0,0.0,0.0,0.0,0.0,0.0,0.0,0.0,0.0,0.0,0.0,0.0,0.0,0.0,0.0,0.0,0.0,0.0,0.0,0.0,0.0,0.0,0.0,0.0,0.0,0.0,0.0,0.0,0.0,0.0,0.0,0.0,0.0,0.0,0.0,0.0,0.0,0.0,0.0,0.0,0.0,0.0,0.0,0.0,0.0,0.0,0.0,0.0,0.0,0.0,0.0,0.0,0.0,0.0,0.0,0.0,0.0,0.0,book
27,0.5624758005142212,0.6905235052108765,5.914815859320299e-10,0.5412248373031616,0.7183678150177002,-0.005813441704958677,0.5260409712791443,0.7484061121940613,-0.008275937288999557,0.5192533135414124,0.7714949250221252,-0.010476156137883663,0.5146018862724304,0.7891947031021118,-0.013424445874989033,0.5328360199928284,0.7424780130386353,-0.011172830127179623,0.526375949382782,0.761825442314148,-0.01811251975595951,0.5244671702384949,0.7714049220085144,-0.023815272375941277,0.5227770805358887,0.7818090319633484,-0.028261562809348106,0.5444800853729248,0.7331638336181641,-0.012901676818728447,0.5423868298530579,0.7439743876457214,-0.018222292885184288,0.5426324605941772,0.7525863647460938,-0.022576749324798584,0.5424383878707886,0.7622001767158508,-0.027317926287651062,0.5570892691612244,0.720974862575531,-0.015087515115737915,0.5569213628768921,0.7249314188957214,-0.020463868975639343,0.5568248629570007,0.7316793203353882,-0.02231505513191223,0.5557190775871277,0.7399689555168152,-0.024957608431577682,0.57053142786026,0.7071791291236877,-0.01790723204612732,0.57249915599823,0.7092829942703247,-0.022826069965958595,0.570117712020874,0.7132632732391357,-0.023755554109811783,0.5666952729225159,0.7194055914878845,-0.02528831921517849,0.4445160925388336,0.7168664336204529,1.7064169810510066e-07,0.4297006130218506,0.6962072849273682,-0.02227460779249668,0.4139069616794586,0.6862249970436096,-0.039743512868881226,0.39961737394332886,0.6791330575942993,-0.05488275736570358,0.38308295607566833,0.6724696755409241,-0.069956935942173,0.4297451972961426,0.7317103743553162,-0.03687707707285881,0.42216727137565613,0.7464244961738586,-0.05159151554107666,0.4202072322368622,0.7593381404876709,-0.061151620000600815,0.41963085532188416,0.7756872177124023,-0.06822963804006577,0.4487147331237793,0.7501405477523804,-0.03335012495517731,0.44307100772857666,0.7699882984161377,-0.04295707494020462,0.44072356820106506,0.7836546301841736,-0.046166177839040756,0.43880367279052734,0.7988256216049194,-0.050708234310150146,0.46529704332351685,0.7609878778457642,-0.03111202083528042,0.46323081851005554,0.7808944582939148,-0.039574455469846725,0.4613315463066101,0.7938252091407776,-0.04037636145949364,0.4593925476074219,0.8091803789138794,-0.04231914132833481,0.4800880551338196,0.7651500105857849,-0.03103962540626526,0.4842873811721802,0.7851689457893372,-0.03652331978082657,0.4850216805934906,0.7966883778572083,-0.03631237894296646,0.4849548041820526,0.8089333176612854,-0.03751657158136368,book
28,0.576505184173584,0.699669361114502,2.5791193181134986e-08,0.5532233715057373,0.7274451851844788,-0.004907575435936451,0.5335302948951721,0.7503485679626465,-0.009115860797464848,0.5241019129753113,0.7646013498306274,-0.013616039417684078,0.5200541019439697,0.7749170660972595,-0.01905360072851181,0.5352840423583984,0.7455135583877563,-0.015264181420207024,0.5262299180030823,0.7551372647285461,-0.02562784031033516,0.5263289213180542,0.7602755427360535,-0.033834200352430344,0.5277500748634338,0.7670753598213196,-0.039764221757650375,0.5491579174995422,0.7378774285316467,-0.019072391092777252,0.5450143814086914,0.7382379174232483,-0.02809682860970497,0.5457636117935181,0.74592524766922,-0.03453461825847626,0.5470772981643677,0.7561039328575134,-0.04072742164134979,0.5648884177207947,0.7291104197502136,-0.02325025200843811,0.5621659159660339,0.7260627746582031,-0.03216193616390228,0.5610851645469666,0.7330706715583801,-0.03621460124850273,0.560287594795227,0.7431469559669495,-0.040203411132097244,0.5831897258758545,0.7206188440322876,-0.027847666293382645,0.5828660130500793,0.7169556617736816,-0.03562384471297264,0.5794088244438171,0.7185949087142944,-0.03815687447786331,0.5750219821929932,0.7224975824356079,-0.040763791650533676,0.4385131597518921,0.7143241763114929,1.3982612756535673e-07,0.41993916034698486,0.7001848816871643,-0.019518274813890457,0.40297839045524597,0.696631133556366,-0.03359634056687355,0.3882308006286621,0.6949293613433838,-0.045381028205156326,0.37136492133140564,0.6894404292106628,-0.05711293965578079,0.41786906123161316,0.7316132187843323,-0.031693167984485626,0.4131292700767517,0.7468814253807068,-0.043821800500154495,0.41259682178497314,0.760333240032196,-0.05161792039871216,0.4124286472797394,0.7755815982818604,-0.057565800845623016,0.4366309940814972,0.7454859614372253,-0.02846577577292919,0.43301519751548767,0.7628496885299683,-0.03632322698831558,0.4313685894012451,0.7765995860099792,-0.03928875923156738,0.4300521910190582,0.7908873558044434,-0.043282318860292435,0.45336514711380005,0.7519559860229492,-0.0263317059725523,0.4527798295021057,0.7693816423416138,-0.033500511199235916,0.4517405033111572,0.7823269367218018,-0.035489004105329514,0.45058539509773254,0.795836865901947,-0.03803091123700142,0.4676729440689087,0.751905083656311,-0.026050465181469917,0.4731185734272003,0.7663053870201111,-0.031484466046094894,0.47497618198394775,0.775184154510498,-0.032619908452034,0.47538983821868896,0.784003734588623,-0.034436434507369995,book
29,0.5849257707595825,0.7075544595718384,3.53870710512183e-08,0.559677243232727,0.7301006317138672,-0.005225460045039654,0.5399408936500549,0.7483333945274353,-0.009647700004279613,0.5290573239326477,0.7598023414611816,-0.014252160675823689,0.5233315229415894,0.7660048604011536,-0.019492389634251595,0.5395931005477905,0.7452345490455627,-0.01195899210870266,0.5309335589408875,0.7546013593673706,-0.022578436881303787,0.5297268033027649,0.7600155472755432,-0.03106355480849743,0.5295633673667908,0.7651658654212952,-0.03673682361841202,0.551979660987854,0.7385346293449402,-0.015226404182612896,0.547457754611969,0.7407972812652588,-0.023288531228899956,0.5466818809509277,0.7485852837562561,-0.02859732322394848,0.5459141731262207,0.7579119205474854,-0.03347368165850639,0.5676932334899902,0.7309911251068115,-0.019172849133610725,0.5645883679389954,0.7292441129684448,-0.026998629793524742,0.5623994469642639,0.73670893907547,-0.029079006984829903,0.5601204633712769,0.7459893226623535,-0.03127344697713852,0.5866590738296509,0.7240075469017029,-0.023738935589790344,0.5856648683547974,0.7220820784568787,-0.029975533485412598,0.5813450217247009,0.7247250080108643,-0.030648497864603996,0.576557993888855,0.7288910150527954,-0.031608596444129944,0.43069058656692505,0.7103491425514221,1.117967372010753e-07,0.4111325144767761,0.6991260051727295,-0.01689191535115242,0.39416542649269104,0.697524905204773,-0.02941652573645115,0.3804694414138794,0.6981378197669983,-0.03998079150915146,0.3643760085105896,0.6930611729621887,-0.0510711595416069,0.40819045901298523,0.7299188375473022,-0.030486000701785088,0.4045672118663788,0.744124174118042,-0.042680177837610245,0.4050675630569458,0.7574880719184875,-0.050690725445747375,0.4054780602455139,0.7727438807487488,-0.05687323957681656,0.4266362488269806,0.7426385879516602,-0.028275873512029648,0.4240764379501343,0.7590739130973816,-0.037011366337537766,0.4237360656261444,0.7729414105415344,-0.04046282544732094,0.4229319095611572,0.7881636619567871,-0.044601187109947205,0.4438168704509735,0.7477924227714539,-0.026824845001101494,0.44333651661872864,0.7651963233947754,-0.034722089767456055,0.44300153851509094,0.7774239778518677,-0.036545075476169586,0.4416021704673767,0.7904366254806519,-0.03894537687301636,0.4592609703540802,0.7460644245147705,-0.02684972621500492,0.46531200408935547,0.7588361501693726,-0.03378346562385559,0.4670412242412567,0.7675449848175049,-0.035751063376665115,0.46635115146636963,0.7771353721618652,-0.037831902503967285,book
0,0.0,0.0,0.0,0.0,0.0,0.0,0.0,0.0,0.0,0.0,0.0,0.0,0.0,0.0,0.0,0.0,0.0,0.0,0.0,0.0,0.0,0.0,0.0,0.0,0.0,0.0,0.0,0.0,0.0,0.0,0.0,0.0,0.0,0.0,0.0,0.0,0.0,0.0,0.0,0.0,0.0,0.0,0.0,0.0,0.0,0.0,0.0,0.0,0.0,0.0,0.0,0.0,0.0,0.0,0.0,0.0,0.0,0.0,0.0,0.0,0.0,0.0,0.0,0.0,0.0,0.0,0.0,0.0,0.0,0.0,0.0,0.0,0.0,0.0,0.0,0.0,0.0,0.0,0.0,0.0,0.0,0.0,0.0,0.0,0.0,0.0,0.0,0.0,0.0,0.0,0.0,0.0,0.0,0.0,0.0,0.0,0.0,0.0,0.0,0.0,0.0,0.0,0.0,0.0,0.0,0.0,0.0,0.0,0.0,0.0,0.0,0.0,0.0,0.0,0.0,0.0,0.0,0.0,0.0,0.0,0.0,0.0,0.0,0.0,0.0,0.0,worm
1,0.0,0.0,0.0,0.0,0.0,0.0,0.0,0.0,0.0,0.0,0.0,0.0,0.0,0.0,0.0,0.0,0.0,0.0,0.0,0.0,0.0,0.0,0.0,0.0,0.0,0.0,0.0,0.0,0.0,0.0,0.0,0.0,0.0,0.0,0.0,0.0,0.0,0.0,0.0,0.0,0.0,0.0,0.0,0.0,0.0,0.0,0.0,0.0,0.0,0.0,0.0,0.0,0.0,0.0,0.0,0.0,0.0,0.0,0.0,0.0,0.0,0.0,0.0,0.0,0.0,0.0,0.0,0.0,0.0,0.0,0.0,0.0,0.0,0.0,0.0,0.0,0.0,0.0,0.0,0.0,0.0,0.0,0.0,0.0,0.0,0.0,0.0,0.0,0.0,0.0,0.0,0.0,0.0,0.0,0.0,0.0,0.0,0.0,0.0,0.0,0.0,0.0,0.0,0.0,0.0,0.0,0.0,0.0,0.0,0.0,0.0,0.0,0.0,0.0,0.0,0.0,0.0,0.0,0.0,0.0,0.0,0.0,0.0,0.0,0.0,0.0,worm
2,0.0,0.0,0.0,0.0,0.0,0.0,0.0,0.0,0.0,0.0,0.0,0.0,0.0,0.0,0.0,0.0,0.0,0.0,0.0,0.0,0.0,0.0,0.0,0.0,0.0,0.0,0.0,0.0,0.0,0.0,0.0,0.0,0.0,0.0,0.0,0.0,0.0,0.0,0.0,0.0,0.0,0.0,0.0,0.0,0.0,0.0,0.0,0.0,0.0,0.0,0.0,0.0,0.0,0.0,0.0,0.0,0.0,0.0,0.0,0.0,0.0,0.0,0.0,0.0,0.0,0.0,0.0,0.0,0.0,0.0,0.0,0.0,0.0,0.0,0.0,0.0,0.0,0.0,0.0,0.0,0.0,0.0,0.0,0.0,0.0,0.0,0.0,0.0,0.0,0.0,0.0,0.0,0.0,0.0,0.0,0.0,0.0,0.0,0.0,0.0,0.0,0.0,0.0,0.0,0.0,0.0,0.0,0.0,0.0,0.0,0.0,0.0,0.0,0.0,0.0,0.0,0.0,0.0,0.0,0.0,0.0,0.0,0.0,0.0,0.0,0.0,worm
3,0.0,0.0,0.0,0.0,0.0,0.0,0.0,0.0,0.0,0.0,0.0,0.0,0.0,0.0,0.0,0.0,0.0,0.0,0.0,0.0,0.0,0.0,0.0,0.0,0.0,0.0,0.0,0.0,0.0,0.0,0.0,0.0,0.0,0.0,0.0,0.0,0.0,0.0,0.0,0.0,0.0,0.0,0.0,0.0,0.0,0.0,0.0,0.0,0.0,0.0,0.0,0.0,0.0,0.0,0.0,0.0,0.0,0.0,0.0,0.0,0.0,0.0,0.0,0.0,0.0,0.0,0.0,0.0,0.0,0.0,0.0,0.0,0.0,0.0,0.0,0.0,0.0,0.0,0.0,0.0,0.0,0.0,0.0,0.0,0.0,0.0,0.0,0.0,0.0,0.0,0.0,0.0,0.0,0.0,0.0,0.0,0.0,0.0,0.0,0.0,0.0,0.0,0.0,0.0,0.0,0.0,0.0,0.0,0.0,0.0,0.0,0.0,0.0,0.0,0.0,0.0,0.0,0.0,0.0,0.0,0.0,0.0,0.0,0.0,0.0,0.0,worm
4,0.0,0.0,0.0,0.0,0.0,0.0,0.0,0.0,0.0,0.0,0.0,0.0,0.0,0.0,0.0,0.0,0.0,0.0,0.0,0.0,0.0,0.0,0.0,0.0,0.0,0.0,0.0,0.0,0.0,0.0,0.0,0.0,0.0,0.0,0.0,0.0,0.0,0.0,0.0,0.0,0.0,0.0,0.0,0.0,0.0,0.0,0.0,0.0,0.0,0.0,0.0,0.0,0.0,0.0,0.0,0.0,0.0,0.0,0.0,0.0,0.0,0.0,0.0,0.0,0.0,0.0,0.0,0.0,0.0,0.0,0.0,0.0,0.0,0.0,0.0,0.0,0.0,0.0,0.0,0.0,0.0,0.0,0.0,0.0,0.0,0.0,0.0,0.0,0.0,0.0,0.0,0.0,0.0,0.0,0.0,0.0,0.0,0.0,0.0,0.0,0.0,0.0,0.0,0.0,0.0,0.0,0.0,0.0,0.0,0.0,0.0,0.0,0.0,0.0,0.0,0.0,0.0,0.0,0.0,0.0,0.0,0.0,0.0,0.0,0.0,0.0,worm
5,0.0,0.0,0.0,0.0,0.0,0.0,0.0,0.0,0.0,0.0,0.0,0.0,0.0,0.0,0.0,0.0,0.0,0.0,0.0,0.0,0.0,0.0,0.0,0.0,0.0,0.0,0.0,0.0,0.0,0.0,0.0,0.0,0.0,0.0,0.0,0.0,0.0,0.0,0.0,0.0,0.0,0.0,0.0,0.0,0.0,0.0,0.0,0.0,0.0,0.0,0.0,0.0,0.0,0.0,0.0,0.0,0.0,0.0,0.0,0.0,0.0,0.0,0.0,0.0,0.0,0.0,0.0,0.0,0.0,0.0,0.0,0.0,0.0,0.0,0.0,0.0,0.0,0.0,0.0,0.0,0.0,0.0,0.0,0.0,0.0,0.0,0.0,0.0,0.0,0.0,0.0,0.0,0.0,0.0,0.0,0.0,0.0,0.0,0.0,0.0,0.0,0.0,0.0,0.0,0.0,0.0,0.0,0.0,0.0,0.0,0.0,0.0,0.0,0.0,0.0,0.0,0.0,0.0,0.0,0.0,0.0,0.0,0.0,0.0,0.0,0.0,worm
6,0.0,0.0,0.0,0.0,0.0,0.0,0.0,0.0,0.0,0.0,0.0,0.0,0.0,0.0,0.0,0.0,0.0,0.0,0.0,0.0,0.0,0.0,0.0,0.0,0.0,0.0,0.0,0.0,0.0,0.0,0.0,0.0,0.0,0.0,0.0,0.0,0.0,0.0,0.0,0.0,0.0,0.0,0.0,0.0,0.0,0.0,0.0,0.0,0.0,0.0,0.0,0.0,0.0,0.0,0.0,0.0,0.0,0.0,0.0,0.0,0.0,0.0,0.0,0.0,0.0,0.0,0.0,0.0,0.0,0.0,0.0,0.0,0.0,0.0,0.0,0.0,0.0,0.0,0.0,0.0,0.0,0.0,0.0,0.0,0.0,0.0,0.0,0.0,0.0,0.0,0.0,0.0,0.0,0.0,0.0,0.0,0.0,0.0,0.0,0.0,0.0,0.0,0.0,0.0,0.0,0.0,0.0,0.0,0.0,0.0,0.0,0.0,0.0,0.0,0.0,0.0,0.0,0.0,0.0,0.0,0.0,0.0,0.0,0.0,0.0,0.0,worm
7,0.0,0.0,0.0,0.0,0.0,0.0,0.0,0.0,0.0,0.0,0.0,0.0,0.0,0.0,0.0,0.0,0.0,0.0,0.0,0.0,0.0,0.0,0.0,0.0,0.0,0.0,0.0,0.0,0.0,0.0,0.0,0.0,0.0,0.0,0.0,0.0,0.0,0.0,0.0,0.0,0.0,0.0,0.0,0.0,0.0,0.0,0.0,0.0,0.0,0.0,0.0,0.0,0.0,0.0,0.0,0.0,0.0,0.0,0.0,0.0,0.0,0.0,0.0,0.0,0.0,0.0,0.0,0.0,0.0,0.0,0.0,0.0,0.0,0.0,0.0,0.0,0.0,0.0,0.0,0.0,0.0,0.0,0.0,0.0,0.0,0.0,0.0,0.0,0.0,0.0,0.0,0.0,0.0,0.0,0.0,0.0,0.0,0.0,0.0,0.0,0.0,0.0,0.0,0.0,0.0,0.0,0.0,0.0,0.0,0.0,0.0,0.0,0.0,0.0,0.0,0.0,0.0,0.0,0.0,0.0,0.0,0.0,0.0,0.0,0.0,0.0,worm
8,0.0,0.0,0.0,0.0,0.0,0.0,0.0,0.0,0.0,0.0,0.0,0.0,0.0,0.0,0.0,0.0,0.0,0.0,0.0,0.0,0.0,0.0,0.0,0.0,0.0,0.0,0.0,0.0,0.0,0.0,0.0,0.0,0.0,0.0,0.0,0.0,0.0,0.0,0.0,0.0,0.0,0.0,0.0,0.0,0.0,0.0,0.0,0.0,0.0,0.0,0.0,0.0,0.0,0.0,0.0,0.0,0.0,0.0,0.0,0.0,0.0,0.0,0.0,0.0,0.0,0.0,0.0,0.0,0.0,0.0,0.0,0.0,0.0,0.0,0.0,0.0,0.0,0.0,0.0,0.0,0.0,0.0,0.0,0.0,0.0,0.0,0.0,0.0,0.0,0.0,0.0,0.0,0.0,0.0,0.0,0.0,0.0,0.0,0.0,0.0,0.0,0.0,0.0,0.0,0.0,0.0,0.0,0.0,0.0,0.0,0.0,0.0,0.0,0.0,0.0,0.0,0.0,0.0,0.0,0.0,0.0,0.0,0.0,0.0,0.0,0.0,worm
9,0.0,0.0,0.0,0.0,0.0,0.0,0.0,0.0,0.0,0.0,0.0,0.0,0.0,0.0,0.0,0.0,0.0,0.0,0.0,0.0,0.0,0.0,0.0,0.0,0.0,0.0,0.0,0.0,0.0,0.0,0.0,0.0,0.0,0.0,0.0,0.0,0.0,0.0,0.0,0.0,0.0,0.0,0.0,0.0,0.0,0.0,0.0,0.0,0.0,0.0,0.0,0.0,0.0,0.0,0.0,0.0,0.0,0.0,0.0,0.0,0.0,0.0,0.0,0.0,0.0,0.0,0.0,0.0,0.0,0.0,0.0,0.0,0.0,0.0,0.0,0.0,0.0,0.0,0.0,0.0,0.0,0.0,0.0,0.0,0.0,0.0,0.0,0.0,0.0,0.0,0.0,0.0,0.0,0.0,0.0,0.0,0.0,0.0,0.0,0.0,0.0,0.0,0.0,0.0,0.0,0.0,0.0,0.0,0.0,0.0,0.0,0.0,0.0,0.0,0.0,0.0,0.0,0.0,0.0,0.0,0.0,0.0,0.0,0.0,0.0,0.0,worm
10,0.0,0.0,0.0,0.0,0.0,0.0,0.0,0.0,0.0,0.0,0.0,0.0,0.0,0.0,0.0,0.0,0.0,0.0,0.0,0.0,0.0,0.0,0.0,0.0,0.0,0.0,0.0,0.0,0.0,0.0,0.0,0.0,0.0,0.0,0.0,0.0,0.0,0.0,0.0,0.0,0.0,0.0,0.0,0.0,0.0,0.0,0.0,0.0,0.0,0.0,0.0,0.0,0.0,0.0,0.0,0.0,0.0,0.0,0.0,0.0,0.0,0.0,0.0,0.0,0.0,0.0,0.0,0.0,0.0,0.0,0.0,0.0,0.0,0.0,0.0,0.0,0.0,0.0,0.0,0.0,0.0,0.0,0.0,0.0,0.0,0.0,0.0,0.0,0.0,0.0,0.0,0.0,0.0,0.0,0.0,0.0,0.0,0.0,0.0,0.0,0.0,0.0,0.0,0.0,0.0,0.0,0.0,0.0,0.0,0.0,0.0,0.0,0.0,0.0,0.0,0.0,0.0,0.0,0.0,0.0,0.0,0.0,0.0,0.0,0.0,0.0,worm
11,0.0,0.0,0.0,0.0,0.0,0.0,0.0,0.0,0.0,0.0,0.0,0.0,0.0,0.0,0.0,0.0,0.0,0.0,0.0,0.0,0.0,0.0,0.0,0.0,0.0,0.0,0.0,0.0,0.0,0.0,0.0,0.0,0.0,0.0,0.0,0.0,0.0,0.0,0.0,0.0,0.0,0.0,0.0,0.0,0.0,0.0,0.0,0.0,0.0,0.0,0.0,0.0,0.0,0.0,0.0,0.0,0.0,0.0,0.0,0.0,0.0,0.0,0.0,0.0,0.0,0.0,0.0,0.0,0.0,0.0,0.0,0.0,0.0,0.0,0.0,0.0,0.0,0.0,0.0,0.0,0.0,0.0,0.0,0.0,0.0,0.0,0.0,0.0,0.0,0.0,0.0,0.0,0.0,0.0,0.0,0.0,0.0,0.0,0.0,0.0,0.0,0.0,0.0,0.0,0.0,0.0,0.0,0.0,0.0,0.0,0.0,0.0,0.0,0.0,0.0,0.0,0.0,0.0,0.0,0.0,0.0,0.0,0.0,0.0,0.0,0.0,worm
12,0.0,0.0,0.0,0.0,0.0,0.0,0.0,0.0,0.0,0.0,0.0,0.0,0.0,0.0,0.0,0.0,0.0,0.0,0.0,0.0,0.0,0.0,0.0,0.0,0.0,0.0,0.0,0.0,0.0,0.0,0.0,0.0,0.0,0.0,0.0,0.0,0.0,0.0,0.0,0.0,0.0,0.0,0.0,0.0,0.0,0.0,0.0,0.0,0.0,0.0,0.0,0.0,0.0,0.0,0.0,0.0,0.0,0.0,0.0,0.0,0.0,0.0,0.0,0.0,0.0,0.0,0.0,0.0,0.0,0.0,0.0,0.0,0.0,0.0,0.0,0.0,0.0,0.0,0.0,0.0,0.0,0.0,0.0,0.0,0.0,0.0,0.0,0.0,0.0,0.0,0.0,0.0,0.0,0.0,0.0,0.0,0.0,0.0,0.0,0.0,0.0,0.0,0.0,0.0,0.0,0.0,0.0,0.0,0.0,0.0,0.0,0.0,0.0,0.0,0.0,0.0,0.0,0.0,0.0,0.0,0.0,0.0,0.0,0.0,0.0,0.0,worm
13,0.0,0.0,0.0,0.0,0.0,0.0,0.0,0.0,0.0,0.0,0.0,0.0,0.0,0.0,0.0,0.0,0.0,0.0,0.0,0.0,0.0,0.0,0.0,0.0,0.0,0.0,0.0,0.0,0.0,0.0,0.0,0.0,0.0,0.0,0.0,0.0,0.0,0.0,0.0,0.0,0.0,0.0,0.0,0.0,0.0,0.0,0.0,0.0,0.0,0.0,0.0,0.0,0.0,0.0,0.0,0.0,0.0,0.0,0.0,0.0,0.0,0.0,0.0,0.0,0.0,0.0,0.0,0.0,0.0,0.0,0.0,0.0,0.0,0.0,0.0,0.0,0.0,0.0,0.0,0.0,0.0,0.0,0.0,0.0,0.0,0.0,0.0,0.0,0.0,0.0,0.0,0.0,0.0,0.0,0.0,0.0,0.0,0.0,0.0,0.0,0.0,0.0,0.0,0.0,0.0,0.0,0.0,0.0,0.0,0.0,0.0,0.0,0.0,0.0,0.0,0.0,0.0,0.0,0.0,0.0,0.0,0.0,0.0,0.0,0.0,0.0,worm
14,0.0,0.0,0.0,0.0,0.0,0.0,0.0,0.0,0.0,0.0,0.0,0.0,0.0,0.0,0.0,0.0,0.0,0.0,0.0,0.0,0.0,0.0,0.0,0.0,0.0,0.0,0.0,0.0,0.0,0.0,0.0,0.0,0.0,0.0,0.0,0.0,0.0,0.0,0.0,0.0,0.0,0.0,0.0,0.0,0.0,0.0,0.0,0.0,0.0,0.0,0.0,0.0,0.0,0.0,0.0,0.0,0.0,0.0,0.0,0.0,0.0,0.0,0.0,0.0,0.0,0.0,0.0,0.0,0.0,0.0,0.0,0.0,0.0,0.0,0.0,0.0,0.0,0.0,0.0,0.0,0.0,0.0,0.0,0.0,0.0,0.0,0.0,0.0,0.0,0.0,0.0,0.0,0.0,0.0,0.0,0.0,0.0,0.0,0.0,0.0,0.0,0.0,0.0,0.0,0.0,0.0,0.0,0.0,0.0,0.0,0.0,0.0,0.0,0.0,0.0,0.0,0.0,0.0,0.0,0.0,0.0,0.0,0.0,0.0,0.0,0.0,worm
15,0.0,0.0,0.0,0.0,0.0,0.0,0.0,0.0,0.0,0.0,0.0,0.0,0.0,0.0,0.0,0.0,0.0,0.0,0.0,0.0,0.0,0.0,0.0,0.0,0.0,0.0,0.0,0.0,0.0,0.0,0.0,0.0,0.0,0.0,0.0,0.0,0.0,0.0,0.0,0.0,0.0,0.0,0.0,0.0,0.0,0.0,0.0,0.0,0.0,0.0,0.0,0.0,0.0,0.0,0.0,0.0,0.0,0.0,0.0,0.0,0.0,0.0,0.0,0.0,0.0,0.0,0.0,0.0,0.0,0.0,0.0,0.0,0.0,0.0,0.0,0.0,0.0,0.0,0.0,0.0,0.0,0.0,0.0,0.0,0.0,0.0,0.0,0.0,0.0,0.0,0.0,0.0,0.0,0.0,0.0,0.0,0.0,0.0,0.0,0.0,0.0,0.0,0.0,0.0,0.0,0.0,0.0,0.0,0.0,0.0,0.0,0.0,0.0,0.0,0.0,0.0,0.0,0.0,0.0,0.0,0.0,0.0,0.0,0.0,0.0,0.0,worm
16,0.0,0.0,0.0,0.0,0.0,0.0,0.0,0.0,0.0,0.0,0.0,0.0,0.0,0.0,0.0,0.0,0.0,0.0,0.0,0.0,0.0,0.0,0.0,0.0,0.0,0.0,0.0,0.0,0.0,0.0,0.0,0.0,0.0,0.0,0.0,0.0,0.0,0.0,0.0,0.0,0.0,0.0,0.0,0.0,0.0,0.0,0.0,0.0,0.0,0.0,0.0,0.0,0.0,0.0,0.0,0.0,0.0,0.0,0.0,0.0,0.0,0.0,0.0,0.0,0.0,0.0,0.0,0.0,0.0,0.0,0.0,0.0,0.0,0.0,0.0,0.0,0.0,0.0,0.0,0.0,0.0,0.0,0.0,0.0,0.0,0.0,0.0,0.0,0.0,0.0,0.0,0.0,0.0,0.0,0.0,0.0,0.0,0.0,0.0,0.0,0.0,0.0,0.0,0.0,0.0,0.0,0.0,0.0,0.0,0.0,0.0,0.0,0.0,0.0,0.0,0.0,0.0,0.0,0.0,0.0,0.0,0.0,0.0,0.0,0.0,0.0,worm
17,0.0,0.0,0.0,0.0,0.0,0.0,0.0,0.0,0.0,0.0,0.0,0.0,0.0,0.0,0.0,0.0,0.0,0.0,0.0,0.0,0.0,0.0,0.0,0.0,0.0,0.0,0.0,0.0,0.0,0.0,0.0,0.0,0.0,0.0,0.0,0.0,0.0,0.0,0.0,0.0,0.0,0.0,0.0,0.0,0.0,0.0,0.0,0.0,0.0,0.0,0.0,0.0,0.0,0.0,0.0,0.0,0.0,0.0,0.0,0.0,0.0,0.0,0.0,0.0,0.0,0.0,0.0,0.0,0.0,0.0,0.0,0.0,0.0,0.0,0.0,0.0,0.0,0.0,0.0,0.0,0.0,0.0,0.0,0.0,0.0,0.0,0.0,0.0,0.0,0.0,0.0,0.0,0.0,0.0,0.0,0.0,0.0,0.0,0.0,0.0,0.0,0.0,0.0,0.0,0.0,0.0,0.0,0.0,0.0,0.0,0.0,0.0,0.0,0.0,0.0,0.0,0.0,0.0,0.0,0.0,0.0,0.0,0.0,0.0,0.0,0.0,worm
18,0.0,0.0,0.0,0.0,0.0,0.0,0.0,0.0,0.0,0.0,0.0,0.0,0.0,0.0,0.0,0.0,0.0,0.0,0.0,0.0,0.0,0.0,0.0,0.0,0.0,0.0,0.0,0.0,0.0,0.0,0.0,0.0,0.0,0.0,0.0,0.0,0.0,0.0,0.0,0.0,0.0,0.0,0.0,0.0,0.0,0.0,0.0,0.0,0.0,0.0,0.0,0.0,0.0,0.0,0.0,0.0,0.0,0.0,0.0,0.0,0.0,0.0,0.0,0.0,0.0,0.0,0.0,0.0,0.0,0.0,0.0,0.0,0.0,0.0,0.0,0.0,0.0,0.0,0.0,0.0,0.0,0.0,0.0,0.0,0.0,0.0,0.0,0.0,0.0,0.0,0.0,0.0,0.0,0.0,0.0,0.0,0.0,0.0,0.0,0.0,0.0,0.0,0.0,0.0,0.0,0.0,0.0,0.0,0.0,0.0,0.0,0.0,0.0,0.0,0.0,0.0,0.0,0.0,0.0,0.0,0.0,0.0,0.0,0.0,0.0,0.0,worm
19,0.0,0.0,0.0,0.0,0.0,0.0,0.0,0.0,0.0,0.0,0.0,0.0,0.0,0.0,0.0,0.0,0.0,0.0,0.0,0.0,0.0,0.0,0.0,0.0,0.0,0.0,0.0,0.0,0.0,0.0,0.0,0.0,0.0,0.0,0.0,0.0,0.0,0.0,0.0,0.0,0.0,0.0,0.0,0.0,0.0,0.0,0.0,0.0,0.0,0.0,0.0,0.0,0.0,0.0,0.0,0.0,0.0,0.0,0.0,0.0,0.0,0.0,0.0,0.0,0.0,0.0,0.0,0.0,0.0,0.0,0.0,0.0,0.0,0.0,0.0,0.0,0.0,0.0,0.0,0.0,0.0,0.0,0.0,0.0,0.0,0.0,0.0,0.0,0.0,0.0,0.0,0.0,0.0,0.0,0.0,0.0,0.0,0.0,0.0,0.0,0.0,0.0,0.0,0.0,0.0,0.0,0.0,0.0,0.0,0.0,0.0,0.0,0.0,0.0,0.0,0.0,0.0,0.0,0.0,0.0,0.0,0.0,0.0,0.0,0.0,0.0,worm
20,0.327525794506073,0.8732967376708984,9.191673200348305e-08,0.357516884803772,0.8668264746665955,-0.007094098720699549,0.3933013081550598,0.8739750981330872,-0.015652155503630638,0.420801043510437,0.8868770599365234,-0.023067593574523926,0.44127020239830017,0.8967677354812622,-0.02894459292292595,0.3947392702102661,0.8801152110099792,-0.023779110983014107,0.41657477617263794,0.9342457056045532,-0.03525847941637039,0.4210767447948456,0.9515958428382874,-0.039175063371658325,0.4226936101913452,0.9547752141952515,-0.03947830572724342,0.377604216337204,0.9005810022354126,-0.024790864437818527,0.40011945366859436,0.9598985910415649,-0.03327098861336708,0.40537935495376587,0.9740769863128662,-0.0321149043738842,0.4099082052707672,0.9743036031723022,-0.03047592006623745,0.36016911268234253,0.9218813180923462,-0.02578342705965042,0.3826221823692322,0.9796580672264099,-0.03242984786629677,0.38856133818626404,0.9916965961456299,-0.027176879346370697,0.3933578133583069,0.9911260008811951,-0.022648146376013756,0.3447541892528534,0.9410555362701416,-0.02700175903737545,0.36283406615257263,0.9868787527084351,-0.03039032593369484,0.36855557560920715,1.001415729522705,-0.025488218292593956,0.3734883666038513,1.0068621635437012,-0.02098872885107994,0.6010290384292603,0.8707096576690674,-1.836093872498168e-07,0.5617391467094421,0.8510217666625977,-0.00864346418529749,0.5117778182029724,0.8729088306427002,-0.02056017704308033,0.48300978541374207,0.9175391793251038,-0.02987881749868393,0.47811955213546753,0.9632793068885803,-0.04073042795062065,0.502957820892334,0.8686085939407349,-0.04269624128937721,0.4765326678752899,0.9495899081230164,-0.06140759587287903,0.47423917055130005,0.990959107875824,-0.06983739137649536,0.47581762075424194,1.0142481327056885,-0.07451850175857544,0.525850236415863,0.8894972205162048,-0.04626984894275665,0.5069095492362976,0.9693912267684937,-0.06493052840232849,0.5202876329421997,0.962745189666748,-0.0656118094921112,0.5298754572868347,0.9369567632675171,-0.06543520092964172,0.5520868897438049,0.9134773015975952,-0.04875468090176582,0.5313030481338501,0.9884242415428162,-0.06446430832147598,0.5431001782417297,0.9759689569473267,-0.054606519639492035,0.5523434281349182,0.950031042098999,-0.04705046862363815,0.5778712034225464,0.9400733113288879,-0.051054976880550385,0.5600746273994446,0.9981048107147217,-0.06317254900932312,0.5701722502708435,0.9832071661949158,-0.05563719570636749,0.5798479318618774,0.9586721658706665,-0.04905722662806511,worm
21,0.6010584831237793,0.8513152003288269,-1.4350385413308686e-07,0.5594730377197266,0.8363763689994812,0.0010027616517618299,0.5124332904815674,0.8491206765174866,-0.0027792814653366804,0.4842851758003235,0.8762244582176208,-0.008384971879422665,0.4767102003097534,0.9083486795425415,-0.015365839004516602,0.49809059500694275,0.8560727834701538,-0.009844299405813217,0.4769105315208435,0.8883695006370544,-0.024629641324281693,0.476779043674469,0.8890445828437805,-0.035522572696208954,0.4801974594593048,0.8839489817619324,-0.04205954074859619,0.5158560276031494,0.8736317157745361,-0.01786576770246029,0.49908626079559326,0.914580762386322,-0.02935507521033287,0.5035718679428101,0.9041172862052917,-0.03406541422009468,0.5111156105995178,0.8879966139793396,-0.037599965929985046,0.5392272472381592,0.8896625638008118,-0.02615383267402649,0.5231205821037292,0.9306548833847046,-0.03698858618736267,0.5287427306175232,0.9178785085678101,-0.033598657697439194,0.5355451107025146,0.89995276927948,-0.030882885679602623,0.5648219585418701,0.9032652974128723,-0.03428899124264717,0.5515025854110718,0.9391782283782959,-0.04137643799185753,0.5556219816207886,0.9293205142021179,-0.03636469319462776,0.5600705146789551,0.9141421914100647,-0.03215702995657921,0.0,0.0,0.0,0.0,0.0,0.0,0.0,0.0,0.0,0.0,0.0,0.0,0.0,0.0,0.0,0.0,0.0,0.0,0.0,0.0,0.0,0.0,0.0,0.0,0.0,0.0,0.0,0.0,0.0,0.0,0.0,0.0,0.0,0.0,0.0,0.0,0.0,0.0,0.0,0.0,0.0,0.0,0.0,0.0,0.0,0.0,0.0,0.0,0.0,0.0,0.0,0.0,0.0,0.0,0.0,0.0,0.0,0.0,0.0,0.0,0.0,0.0,0.0,worm
22,0.5928080081939697,0.7818318605422974,-3.7097862559676287e-07,0.5424328446388245,0.7639191746711731,0.004093980882316828,0.4977022409439087,0.780850350856781,-0.0029844518285244703,0.4775973856449127,0.8184760808944702,-0.01221741084009409,0.47286728024482727,0.8552194833755493,-0.02325073815882206,0.48549526929855347,0.7397888898849487,-0.01750946044921875,0.45933276414871216,0.7592004537582397,-0.030347013846039772,0.45656824111938477,0.7886658906936646,-0.038193799555301666,0.4597395658493042,0.8129148483276367,-0.043074674904346466,0.5084148049354553,0.749106764793396,-0.026972441002726555,0.48837369680404663,0.8217567205429077,-0.036065030843019485,0.4827187955379486,0.8552219271659851,-0.03984924033284187,0.48241642117500305,0.8737058639526367,-0.04516398906707764,0.5347503423690796,0.7694234251976013,-0.03524240851402283,0.51613450050354,0.8456634879112244,-0.04175875708460808,0.515122652053833,0.8633079528808594,-0.04012737423181534,0.5175883173942566,0.8681460618972778,-0.04064992442727089,0.5599071979522705,0.7919018268585205,-0.04294367879629135,0.541043221950531,0.8515754342079163,-0.0479886531829834,0.5374400615692139,0.8682706356048584,-0.04403794929385185,0.5369148254394531,0.8733835220336914,-0.0410124808549881,0.0,0.0,0.0,0.0,0.0,0.0,0.0,0.0,0.0,0.0,0.0,0.0,0.0,0.0,0.0,0.0,0.0,0.0,0.0,0.0,0.0,0.0,0.0,0.0,0.0,0.0,0.0,0.0,0.0,0.0,0.0,0.0,0.0,0.0,0.0,0.0,0.0,0.0,0.0,0.0,0.0,0.0,0.0,0.0,0.0,0.0,0.0,0.0,0.0,0.0,0.0,0.0,0.0,0.0,0.0,0.0,0.0,0.0,0.0,0.0,0.0,0.0,0.0,worm
23,0.3852297067642212,0.7731507420539856,4.966255673366504e-08,0.41366827487945557,0.7409968376159668,-0.0021260464563965797,0.421133428812027,0.6909419298171997,-0.002018315251916647,0.41117894649505615,0.6519381403923035,-0.0020565111190080643,0.3977445960044861,0.6262995600700378,-0.0019132421584799886,0.42268651723861694,0.6636554002761841,-0.002936032135039568,0.4203341007232666,0.6001773476600647,-0.00633231783285737,0.4161906838417053,0.5609517097473145,-0.008711211383342743,0.41243112087249756,0.5317172408103943,-0.010686010122299194,0.40078356862068176,0.6603965759277344,-0.003988832235336304,0.39055511355400085,0.6155380010604858,-0.009020320139825344,0.3782751262187958,0.599009096622467,-0.013016351498663425,0.3698248565196991,0.5899938344955444,-0.01486143097281456,0.3788178861141205,0.6623663902282715,-0.005143745336681604,0.37086179852485657,0.617821216583252,-0.006125253159552813,0.3630303740501404,0.596462070941925,-0.006978799123317003,0.35863643884658813,0.5814475417137146,-0.00818679016083479,0.3580188453197479,0.6688491702079773,-0.006606678944081068,0.3485529124736786,0.6334459185600281,-0.006390704307705164,0.3423381447792053,0.6126018762588501,-0.00532486429437995,0.33833274245262146,0.5972146391868591,-0.004333875607699156,0.5850952863693237,0.7484467625617981,-2.2087243678470259e-07,0.5351635217666626,0.741661548614502,-0.00034469892852939665,0.4934661090373993,0.7566952705383301,-0.008981783874332905,0.4705931842327118,0.7873467803001404,-0.01906617544591427,0.46865779161453247,0.8208473324775696,-0.02974926307797432,0.4862840175628662,0.6991194486618042,-0.016144178807735443,0.4644373655319214,0.7042946219444275,-0.031189581379294395,0.45266130566596985,0.724051296710968,-0.040068160742521286,0.4463561773300171,0.7433592081069946,-0.046001315116882324,0.5059065222740173,0.7025544047355652,-0.024481620639562607,0.48786628246307373,0.7891305088996887,-0.039612215012311935,0.4934561252593994,0.8106914162635803,-0.0428541898727417,0.4988099932670593,0.8113653659820557,-0.045865003019571304,0.5305971503257751,0.7197458744049072,-0.03296123072504997,0.5133316516876221,0.8039936423301697,-0.047316551208496094,0.5167388319969177,0.8156992197036743,-0.045325685292482376,0.519978940486908,0.809927761554718,-0.04308217018842697,0.5550990104675293,0.7388015389442444,-0.04127383977174759,0.5377663969993591,0.8064777851104736,-0.05231393873691559,0.5360671877861023,0.820433497428894,-0.05161810293793678,0.5351304411888123,0.8198258280754089,-0.04988529905676842,worm
24,0.3901207447052002,0.7480207681655884,1.6559665994009265e-07,0.4141261875629425,0.6883203983306885,0.01122057531028986,0.41401752829551697,0.6324622631072998,0.02117490954697132,0.4009242653846741,0.5895059704780579,0.026475852355360985,0.3909950852394104,0.5576807260513306,0.031184129416942596,0.4045109152793884,0.6127725839614868,0.04592825844883919,0.3917401432991028,0.5691626071929932,0.05631810054183006,0.3807753026485443,0.5440095663070679,0.05599454045295715,0.37176990509033203,0.5241835117340088,0.05402382090687752,0.38713520765304565,0.6166818737983704,0.03952004387974739,0.3751949965953827,0.5762397050857544,0.05156095698475838,0.3667764663696289,0.5496295690536499,0.04775284230709076,0.3613295257091522,0.5304080247879028,0.04340077564120293,0.36980029940605164,0.6231518387794495,0.031276434659957886,0.3617441952228546,0.5821549892425537,0.04107452183961868,0.35454416275024414,0.5504405498504639,0.039629071950912476,0.34945425391197205,0.5256606340408325,0.03657436743378639,0.3536575436592102,0.637558102607727,0.022864196449518204,0.3456333875656128,0.5970853567123413,0.02961716055870056,0.3402993381023407,0.5720157623291016,0.03228733688592911,0.3365415632724762,0.5505721569061279,0.03343517333269119,0.5721926689147949,0.7145140767097473,-1.3717682634251105e-07,0.5274019241333008,0.7100746035575867,-0.0036656674928963184,0.48884451389312744,0.7198481559753418,-0.01311836764216423,0.46663570404052734,0.7487125396728516,-0.023836158215999603,0.46188679337501526,0.778290331363678,-0.0347147211432457,0.47816210985183716,0.6624580025672913,-0.013882665894925594,0.45888179540634155,0.6640623807907104,-0.027658609673380852,0.4447549283504486,0.6751524209976196,-0.035515375435352325,0.4357708692550659,0.6866181492805481,-0.041283901780843735,0.4969364106655121,0.661227822303772,-0.021530738100409508,0.4783821702003479,0.7468574047088623,-0.03637506812810898,0.48862263560295105,0.763949990272522,-0.03880992531776428,0.4969036281108856,0.7563883662223816,-0.04055529832839966,0.5217200517654419,0.6748285293579102,-0.03009747713804245,0.5024591684341431,0.7592034935951233,-0.04539691284298897,0.5096364617347717,0.7663807272911072,-0.042477283626794815,0.5143560767173767,0.7524024844169617,-0.03917032480239868,0.5460658669471741,0.6921349167823792,-0.03897703066468239,0.5256988406181335,0.7622048258781433,-0.05130857601761818,0.5282943844795227,0.7712126970291138,-0.050202954560518265,0.5313523411750793,0.7609492540359497,-0.04779934138059616,worm
25,0.40931642055511475,0.7132182717323303,1.494063184281913e-07,0.41914114356040955,0.6454363465309143,0.0003778915561269969,0.4136753976345062,0.5858848690986633,-0.0038171373307704926,0.40508392453193665,0.53986656665802,-0.010529989376664162,0.39797884225845337,0.4974367022514343,-0.019839685410261154,0.39547479152679443,0.5806289315223694,-0.015362354926764965,0.375467985868454,0.5386493802070618,-0.03332061693072319,0.36139339208602905,0.5087904334068298,-0.04700464755296707,0.34925851225852966,0.48139703273773193,-0.057386767119169235,0.3870285749435425,0.5954800248146057,-0.026760617271065712,0.3703744113445282,0.5487404465675354,-0.0443059504032135,0.35748720169067383,0.5131872892379761,-0.05830524116754532,0.34740322828292847,0.4821723699569702,-0.07008025050163269,0.37898772954940796,0.6182250380516052,-0.038476310670375824,0.36203551292419434,0.5729764103889465,-0.056930895894765854,0.3499446511268616,0.540732741355896,-0.06908334046602249,0.34073972702026367,0.5129996538162231,-0.07848238199949265,0.3719978332519531,0.6474738717079163,-0.049563754349946976,0.35824674367904663,0.6207002401351929,-0.06790021806955338,0.3493804633617401,0.5987235903739929,-0.07814902067184448,0.3419862389564514,0.5780028700828552,-0.08597693592309952,0.5608603358268738,0.6832088828086853,-9.896064057102194e-08,0.5195578336715698,0.6845636367797852,-0.005345448851585388,0.4847869873046875,0.6958983540534973,-0.015705861151218414,0.46371251344680786,0.7209018468856812,-0.027103884145617485,0.4586421549320221,0.7406529188156128,-0.038700126111507416,0.4711226522922516,0.632024884223938,-0.017233213409781456,0.45030677318573,0.6304266452789307,-0.03059973195195198,0.4326265752315521,0.6325720548629761,-0.03810783848166466,0.4184342920780182,0.6357172727584839,-0.04426362365484238,0.48912420868873596,0.627434253692627,-0.024170005694031715,0.4720451533794403,0.7101584076881409,-0.03926139324903488,0.48398682475090027,0.7271326184272766,-0.04032270982861519,0.49234530329704285,0.7186022996902466,-0.04062328115105629,0.5130367279052734,0.6397851705551147,-0.0320308618247509,0.49546146392822266,0.7222170829772949,-0.04721340537071228,0.5028504729270935,0.7285357117652893,-0.04322316125035286,0.5067386627197266,0.7150963544845581,-0.03912337124347687,0.5368048548698425,0.6569762825965881,-0.04054614156484604,0.5180667042732239,0.7239468693733215,-0.054138679057359695,0.5194666981697083,0.7356895804405212,-0.053657617419958115,0.5206903219223022,0.7307318449020386,-0.051236703991889954,worm
26,0.4224657118320465,0.6719070672988892,2.3487984890380176e-07,0.4307827949523926,0.5957184433937073,-0.008604800328612328,0.4239238500595093,0.5305995345115662,-0.01644662208855152,0.4167797863483429,0.47997358441352844,-0.025205636397004128,0.4135975241661072,0.4343179166316986,-0.0361853651702404,0.3994199335575104,0.5354588031768799,-0.023617763072252274,0.3773620128631592,0.496235728263855,-0.04341002181172371,0.36275190114974976,0.4692848026752472,-0.058013852685689926,0.3504928946495056,0.4423213303089142,-0.06888455897569656,0.39121872186660767,0.5579347610473633,-0.032429181039333344,0.3665982186794281,0.518985390663147,-0.051550205796957016,0.3501046597957611,0.4905615448951721,-0.06597723811864853,0.33555248379707336,0.4641754627227783,-0.0776679515838623,0.38774991035461426,0.5910622477531433,-0.04210006073117256,0.3589390516281128,0.5611351728439331,-0.061515793204307556,0.33961358666419983,0.5429194569587708,-0.07227872312068939,0.32244670391082764,0.5245291590690613,-0.08061113953590393,0.3876056969165802,0.6311975717544556,-0.05222770571708679,0.36698755621910095,0.6180087924003601,-0.07046622037887573,0.35539931058883667,0.6046851873397827,-0.07909294962882996,0.3453604280948639,0.590723991394043,-0.08554758131504059,0.552964448928833,0.6566420197486877,-1.1777911623767068e-07,0.512042760848999,0.6575365662574768,-0.004618499428033829,0.47871091961860657,0.669192373752594,-0.01415691152215004,0.45967426896095276,0.6949419379234314,-0.02502068132162094,0.4541686475276947,0.7178070545196533,-0.036450207233428955,0.4654660224914551,0.6049931645393372,-0.01568322628736496,0.4464961588382721,0.602760910987854,-0.0284610316157341,0.4306933283805847,0.6040214896202087,-0.03616119548678398,0.4162634313106537,0.6062226295471191,-0.04240874573588371,0.4835219979286194,0.601219654083252,-0.022288275882601738,0.46494191884994507,0.6793546676635742,-0.03758079931139946,0.4737761616706848,0.7036839127540588,-0.04050774499773979,0.4811475872993469,0.7040086984634399,-0.041935741901397705,0.5063315629959106,0.6142603754997253,-0.02954862080514431,0.4881230592727661,0.6913407444953918,-0.0445481576025486,0.49264055490493774,0.7054270505905151,-0.04310902953147888,0.49536892771720886,0.7005794644355774,-0.04045013710856438,0.528791069984436,0.6314231753349304,-0.03722527623176575,0.5109379291534424,0.6916049122810364,-0.04942876100540161,0.5106188654899597,0.7093691229820251,-0.04927559569478035,0.5108436942100525,0.7123700380325317,-0.04713468998670578,worm
27,0.4228253960609436,0.64365154504776,1.882643374528925e-07,0.4308486580848694,0.5751343369483948,-0.007608550135046244,0.4254656136035919,0.5078361630439758,-0.015283581800758839,0.4200439453125,0.4560081958770752,-0.023209504783153534,0.4147969186306,0.4104187786579132,-0.03346296399831772,0.4023025333881378,0.5096865296363831,-0.027458710595965385,0.38025277853012085,0.4684413969516754,-0.04580119624733925,0.36625030636787415,0.4442599415779114,-0.058057479560375214,0.35386499762535095,0.4201211929321289,-0.06698992848396301,0.39313286542892456,0.5331501364707947,-0.036077830940485,0.3683939278125763,0.49280017614364624,-0.05331377685070038,0.3517138361930847,0.46431511640548706,-0.06525538116693497,0.3355109691619873,0.4390582740306854,-0.07516103237867355,0.3896194398403168,0.5690920352935791,-0.04483023285865784,0.36103323101997375,0.5409006476402283,-0.06198541074991226,0.34152331948280334,0.5230430364608765,-0.07013515383005142,0.323386013507843,0.504966139793396,-0.07689192146062851,0.39061370491981506,0.6114557981491089,-0.053796157240867615,0.37048864364624023,0.5987061262130737,-0.07047455757856369,0.35820499062538147,0.5843167304992676,-0.07700905948877335,0.3459528088569641,0.5692769885063171,-0.08187537640333176,0.5439160466194153,0.6356865763664246,-1.0109221193488338e-07,0.5052920579910278,0.6377067565917969,-0.00643001077696681,0.4729410409927368,0.6511766910552979,-0.01692936010658741,0.45421889424324036,0.6790040135383606,-0.027986964210867882,0.44827598333358765,0.7007321715354919,-0.03982662037014961,0.4592674970626831,0.5897806882858276,-0.019787903875112534,0.4419329762458801,0.5888091921806335,-0.03351566195487976,0.4268546402454376,0.5876782536506653,-0.04244724288582802,0.4113219678401947,0.5850797891616821,-0.0499955378472805,0.47770023345947266,0.5851050615310669,-0.025515051558613777,0.4594191610813141,0.6631940603256226,-0.042056526988744736,0.46933242678642273,0.6918289661407471,-0.045970723032951355,0.47832655906677246,0.6944149136543274,-0.04836618900299072,0.5004011392593384,0.5975782871246338,-0.0317503921687603,0.48235535621643066,0.6738940477371216,-0.04800333082675934,0.48691025376319885,0.6935545802116394,-0.047083429992198944,0.4908411502838135,0.6919981241226196,-0.04494228959083557,0.5223998427391052,0.6138887405395508,-0.03839133307337761,0.5036659240722656,0.671235203742981,-0.05168517678976059,0.5042771100997925,0.6921645402908325,-0.05165678262710571,0.5064016580581665,0.697716474533081,-0.04980742558836937,worm
28,0.42459186911582947,0.6263785362243652,1.7065245572212007e-07,0.43320849537849426,0.560065746307373,-0.007767297327518463,0.42682644724845886,0.4948778748512268,-0.015096562914550304,0.4195173680782318,0.44587862491607666,-0.022400273010134697,0.4136366844177246,0.4022415578365326,-0.03175932168960571,0.3992577791213989,0.49522238969802856,-0.02729249745607376,0.37770670652389526,0.45405295491218567,-0.045189861208200455,0.3642260730266571,0.4286212623119354,-0.0570252425968647,0.3520299792289734,0.40368372201919556,-0.0659036710858345,0.3920280933380127,0.5188658237457275,-0.03571150079369545,0.36718928813934326,0.47917741537094116,-0.05344291776418686,0.35088613629341125,0.4505959153175354,-0.0656743273139,0.3346541225910187,0.42419320344924927,-0.07582713663578033,0.3904469311237335,0.5549837350845337,-0.044223275035619736,0.3621861934661865,0.5284313559532166,-0.06180107966065407,0.34112080931663513,0.5101593732833862,-0.07032445073127747,0.32134002447128296,0.49064144492149353,-0.07735846191644669,0.3938320577144623,0.5977550148963928,-0.05295582860708237,0.3735397756099701,0.5849424600601196,-0.07026766240596771,0.36031633615493774,0.5695158243179321,-0.07744040340185165,0.34646162390708923,0.5529521703720093,-0.08284948021173477,0.5387933254241943,0.6234183311462402,-1.1217393591778091e-07,0.5037190914154053,0.6272686719894409,-0.006032439414411783,0.4732356369495392,0.6402561664581299,-0.015601448714733124,0.4553479254245758,0.6661474108695984,-0.025349995121359825,0.44638583064079285,0.6874129772186279,-0.03597771376371384,0.45825350284576416,0.5804213285446167,-0.02086116373538971,0.4402275085449219,0.5761858820915222,-0.03459770977497101,0.42495858669281006,0.573372483253479,-0.04338351637125015,0.40932586789131165,0.5707439184188843,-0.05065911263227463,0.47594577074050903,0.5734430551528931,-0.026035258546471596,0.4569188952445984,0.6472333073616028,-0.04227421432733536,0.46559804677963257,0.6784783005714417,-0.04588582366704941,0.4737386703491211,0.686027467250824,-0.04797934368252754,0.4978847801685333,0.5841507315635681,-0.03154081106185913,0.4796393811702728,0.6574006676673889,-0.04819229245185852,0.48351672291755676,0.6805517673492432,-0.04739616811275482,0.48703280091285706,0.683953583240509,-0.04515933617949486,0.5188602805137634,0.5995098948478699,-0.037182893604040146,0.5003997087478638,0.6539846062660217,-0.051360175013542175,0.5016877055168152,0.6767538189888,-0.05146076902747154,0.5043802261352539,0.6845884919166565,-0.049450039863586426,worm
29,0.4229207932949066,0.6151720881462097,2.0237617093243898e-07,0.43099910020828247,0.5493271350860596,-0.009632806293666363,0.4222171902656555,0.4839099943637848,-0.018019258975982666,0.41252171993255615,0.4353838562965393,-0.025966504588723183,0.4058725833892822,0.3909032940864563,-0.03595132753252983,0.39485877752304077,0.4861952066421509,-0.031353890895843506,0.3723583221435547,0.4445072412490845,-0.0510217621922493,0.3581830561161041,0.41845786571502686,-0.06384362280368805,0.3451854884624481,0.39304688572883606,-0.07362807542085648,0.3876151144504547,0.510221004486084,-0.0399412102997303,0.3623071312904358,0.4696591794490814,-0.06039992719888687,0.34585508704185486,0.4411153793334961,-0.07453518360853195,0.3298443853855133,0.4149172008037567,-0.08597981184720993,0.38655662536621094,0.5468267798423767,-0.04860302060842514,0.3579060733318329,0.5200243592262268,-0.06899812817573547,0.3361722230911255,0.5027105212211609,-0.07902107387781143,0.3160022795200348,0.48339495062828064,-0.08688054233789444,0.39052829146385193,0.5900204181671143,-0.05741192772984505,0.36959102749824524,0.577974259853363,-0.07675817608833313,0.35594674944877625,0.5627638101577759,-0.08478111028671265,0.3417587876319885,0.545407235622406,-0.09084220975637436,0.5344156622886658,0.6159234642982483,-1.1850635672772114e-07,0.5014479160308838,0.6212462186813354,-0.006267612334340811,0.47200480103492737,0.6330066919326782,-0.015372691676020622,0.45401251316070557,0.656988263130188,-0.024613667279481888,0.4445083737373352,0.6770265102386475,-0.03476770594716072,0.4561491310596466,0.5725125074386597,-0.020109310746192932,0.43815335631370544,0.5663569569587708,-0.0339430533349514,0.4220812916755676,0.5631852746009827,-0.0427219532430172,0.4065648317337036,0.5601117610931396,-0.04984793812036514,0.4734770357608795,0.5635621547698975,-0.025060392916202545,0.4537789523601532,0.63612961769104,-0.041868217289447784,0.46348315477371216,0.6683030128479004,-0.045166756957769394,0.47341272234916687,0.6761326789855957,-0.04639514535665512,0.4951804578304291,0.5725290775299072,-0.03045361302793026,0.47734561562538147,0.645906388759613,-0.04730692878365517,0.4826100766658783,0.6691522002220154,-0.0460052564740181,0.4878830909729004,0.6718277931213379,-0.04295266419649124,0.5162255167961121,0.586738646030426,-0.036090824753046036,0.4989480972290039,0.6423340439796448,-0.05051302909851074,0.5010910630226135,0.6648135185241699,-0.0505375862121582,0.5048789978027344,0.6710586547851562,-0.04804983735084534,worm
